Workbook

Sheet Dashboard
A1: AI-Powered Smart Municipal Citizen Assistance & Staff Attendance Management System - Executive Dashboard
A2: Overall Completion % | C2: Blocked Tasks | E2: Critical Issues Open | G2: Open Bugs | I2: Security Checklist % | K2: Deployment Readiness % | M2: Demo Critical Tasks Remaining | O2: Open Security Issues | Q2: Testing Completion % | S2: Integration Completion %
A3: ==COUNTIF(F16:F111, "Completed")/COUNTA(A16:A111) -> 0 | C3: ==COUNTIF(F16:F111, "Blocked") -> 0 | E3: ==COUNTIFS(E16:E111, "Critical", F16:F111, "<>Completed") -> 7 | G3: ==COUNTIFS('Bug Tracker'!G3:G30, "<>Completed", 'Bug Tracker'!G3:G30, "<>") -> 5 | I3: ==COUNTIF('Security Checklist'!D3:D14, "Completed")/COUNTA('Security Checklist'!D3:D14) -> 0 | K3: ==COUNTIF('Deployment Checklist'!D3:D10, "Completed")/COUNTA('Deployment Checklist'!D3:D10) -> 0 | M3: ==COUNTIFS(F16:F111, "<>Completed", R16:R111, "Yes") -> 25 | O3: ==COUNTIFS('Security Review Tracker'!C3:C15, "<>Passed", 'Security Review Tracker'!C3:C15, "<>") -> 13 | Q3: ==COUNTIF('Testing Tracker'!F3:F12, "Passed")/COUNTA('Testing Tracker'!A3:A12) -> 0 | S3: ==COUNTIF('Integration Tracker'!F3:F12, "Completed")/COUNTA('Integration Tracker'!A3:A12) -> 0
A6: Team Workload & Progress Summary | H6: Module Development Status | O6: Day-Wise Progress Timeline
A7: Team Member | B7: Assigned Tasks | C7: Completed | D7: Pending | E7: Blocked | F7: Completion % | H7: Module Name | I7: Total Tasks | J7: Completed | K7: Pending | L7: Blocked | M7: Completion % | O7: Day | P7: Total Tasks | Q7: Completed | R7: Completion %
A8: Minha Palakkathodi | B8: ==COUNTIF($D$16:$D$111, A8) -> 9 | C8: ==COUNTIFS($D$16:$D$111, A8, $F$16:$F$111, "Completed") -> 0 | D8: ==B8-C8-E8 -> 9 | E8: ==COUNTIFS($D$16:$D$111, A8, $F$16:$F$111, "Blocked") -> 0 | F8: ==IF(B8>0, C8/B8, 0) -> 0 | H8: Backend | I8: ==COUNTIF($B$16:$B$111, H8) -> 20 | J8: ==COUNTIFS($B$16:$B$111, H8, $F$16:$F$111, "Completed") -> 0 | K8: ==I8-J8-L8 -> 20 | L8: ==COUNTIFS($B$16:$B$111, H8, $F$16:$F$111, "Blocked") -> 0 | M8: ==IF(I8>0, J8/I8, 0) -> 0 | O8: Sprint 0 | P8: ==COUNTIF($H$16:$H$111, O8) -> 7 | Q8: ==COUNTIFS($H$16:$H$111, O8, $F$16:$F$111, "Completed") -> 0 | R8: ==IF(P8>0, Q8/P8, 0) -> 0
A9: Adithyan N | B9: ==COUNTIF($D$16:$D$111, A9) -> 30 | C9: ==COUNTIFS($D$16:$D$111, A9, $F$16:$F$111, "Completed") -> 0 | D9: ==B9-C9-E9 -> 30 | E9: ==COUNTIFS($D$16:$D$111, A9, $F$16:$F$111, "Blocked") -> 0 | F9: ==IF(B9>0, C9/B9, 0) -> 0 | H9: Frontend | I9: ==COUNTIF($B$16:$B$111, H9) -> 24 | J9: ==COUNTIFS($B$16:$B$111, H9, $F$16:$F$111, "Completed") -> 0 | K9: ==I9-J9-L9 -> 24 | L9: ==COUNTIFS($B$16:$B$111, H9, $F$16:$F$111, "Blocked") -> 0 | M9: ==IF(I9>0, J9/I9, 0) -> 0 | O9: Day 1 | P9: ==COUNTIF($H$16:$H$111, O9) -> 28 | Q9: ==COUNTIFS($H$16:$H$111, O9, $F$16:$F$111, "Completed") -> 0 | R9: ==IF(P9>0, Q9/P9, 0) -> 0
A10: Fathima Hana | B10: ==COUNTIF($D$16:$D$111, A10) -> 16 | C10: ==COUNTIFS($D$16:$D$111, A10, $F$16:$F$111, "Completed") -> 0 | D10: ==B10-C10-E10 -> 16 | E10: ==COUNTIFS($D$16:$D$111, A10, $F$16:$F$111, "Blocked") -> 0 | F10: ==IF(B10>0, C10/B10, 0) -> 0 | H10: Database | I10: ==COUNTIF($B$16:$B$111, H10) -> 16 | J10: ==COUNTIFS($B$16:$B$111, H10, $F$16:$F$111, "Completed") -> 0 | K10: ==I10-J10-L10 -> 16 | L10: ==COUNTIFS($B$16:$B$111, H10, $F$16:$F$111, "Blocked") -> 0 | M10: ==IF(I10>0, J10/I10, 0) -> 0 | O10: Day 2 | P10: ==COUNTIF($H$16:$H$111, O10) -> 11 | Q10: ==COUNTIFS($H$16:$H$111, O10, $F$16:$F$111, "Completed") -> 0 | R10: ==IF(P10>0, Q10/P10, 0) -> 0
A11: Muhammad Sanish | B11: ==COUNTIF($D$16:$D$111, A11) -> 23 | C11: ==COUNTIFS($D$16:$D$111, A11, $F$16:$F$111, "Completed") -> 0 | D11: ==B11-C11-E11 -> 23 | E11: ==COUNTIFS($D$16:$D$111, A11, $F$16:$F$111, "Blocked") -> 0 | F11: ==IF(B11>0, C11/B11, 0) -> 0 | H11: AI | I11: ==COUNTIF($B$16:$B$111, H11) -> 9 | J11: ==COUNTIFS($B$16:$B$111, H11, $F$16:$F$111, "Completed") -> 0 | K11: ==I11-J11-L11 -> 9 | L11: ==COUNTIFS($B$16:$B$111, H11, $F$16:$F$111, "Blocked") -> 0 | M11: ==IF(I11>0, J11/I11, 0) -> 0 | O11: Day 3 | P11: ==COUNTIF($H$16:$H$111, O11) -> 6 | Q11: ==COUNTIFS($H$16:$H$111, O11, $F$16:$F$111, "Completed") -> 0 | R11: ==IF(P11>0, Q11/P11, 0) -> 0
A12: Fadi Ahmed | B12: ==COUNTIF($D$16:$D$111, A12) -> 9 | C12: ==COUNTIFS($D$16:$D$111, A12, $F$16:$F$111, "Completed") -> 0 | D12: ==B12-C12-E12 -> 9 | E12: ==COUNTIFS($D$16:$D$111, A12, $F$16:$F$111, "Blocked") -> 0 | F12: ==IF(B12>0, C12/B12, 0) -> 0 | H12: Face Recognition | I12: ==COUNTIF($B$16:$B$111, H12) -> 9 | J12: ==COUNTIFS($B$16:$B$111, H12, $F$16:$F$111, "Completed") -> 0 | K12: ==I12-J12-L12 -> 9 | L12: ==COUNTIFS($B$16:$B$111, H12, $F$16:$F$111, "Blocked") -> 0 | M12: ==IF(I12>0, J12/I12, 0) -> 0 | O12: Day 4 | P12: ==COUNTIF($H$16:$H$111, O12) -> 16 | Q12: ==COUNTIFS($H$16:$H$111, O12, $F$16:$F$111, "Completed") -> 0 | R12: ==IF(P12>0, Q12/P12, 0) -> 0
A13: Muhammed Sadik KT | B13: ==COUNTIF($D$16:$D$111, A13) -> 9 | C13: ==COUNTIFS($D$16:$D$111, A13, $F$16:$F$111, "Completed") -> 0 | D13: ==B13-C13-E13 -> 9 | E13: ==COUNTIFS($D$16:$D$111, A13, $F$16:$F$111, "Blocked") -> 0 | F13: ==IF(B13>0, C13/B13, 0) -> 0 | H13: Documentation & QA | I13: ==COUNTIF($B$16:$B$111, H13) -> 9 | J13: ==COUNTIFS($B$16:$B$111, H13, $F$16:$F$111, "Completed") -> 0 | K13: ==I13-J13-L13 -> 9 | L13: ==COUNTIFS($B$16:$B$111, H13, $F$16:$F$111, "Blocked") -> 0 | M13: ==IF(I13>0, J13/I13, 0) -> 0 | O13: Day 5 | P13: ==COUNTIF($H$16:$H$111, O13) -> 16 | Q13: ==COUNTIFS($H$16:$H$111, O13, $F$16:$F$111, "Completed") -> 0 | R13: ==IF(P13>0, Q13/P13, 0) -> 0
H14: Infrastructure | I14: ==COUNTIF($B$16:$B$111, H14) -> 9 | J14: ==COUNTIFS($B$16:$B$111, H14, $F$16:$F$111, "Completed") -> 0 | K14: ==I14-J14-L14 -> 9 | L14: ==COUNTIFS($B$16:$B$111, H14, $F$16:$F$111, "Blocked") -> 0 | M14: ==IF(I14>0, J14/I14, 0) -> 0 | O14: Day 6 | P14: ==COUNTIF($H$16:$H$111, O14) -> 6 | Q14: ==COUNTIFS($H$16:$H$111, O14, $F$16:$F$111, "Completed") -> 0 | R14: ==IF(P14>0, Q14/P14, 0) -> 0
A15: Task ID | B15: Module | C15: Task Name | D15: Assigned To | E15: Priority | F15: Status | G15: Progress % | H15: Due Day | I15: Dependency | J15: Deliverable | K15: Implementation Description | L15: Suggested Tech Stack | M15: Suggested Prompt Keywords | N15: Reference Documents | O15: Testing Status | P15: Security Status | Q15: Remarks | R15: Demo Critical?
A16: TASK-INF-001 | B16: Infrastructure | C16: Repository verification | D16: Adithyan N + Muhammad Sanish | E16: High | F16: Not Started | G16: ==IF(F16="Completed", 1, IF(F16="In Progress", 0.5, IF(F16="Review", 0.8, 0))) -> 0 | H16: Sprint 0 | I16: None | J16: Verified local Git repository and node workspace structures | K16: Verify and review the initial local Git repository layout and workspace structure. Check configuration files integrity like package.json, eslint configurations, and node workspaces setup. Ensure folder layout complies with project standards. Document structure errors and align branching structure before coding. | L16: Git, Node.js, Workspace CLI | M16: verify git layout, node workspace config, package.json check, folder integrity | N16: docs/02-System-Architecture/MASTER_ARCHITECTURE_v1.md | O16: Pending | P16: Pending | Q16: Check configuration files integrity | R16: No
A17: TASK-INF-002 | B17: Infrastructure | C17: Git workflow setup | D17: Adithyan N | E17: High | F17: Not Started | G17: ==IF(F17="Completed", 1, IF(F17="In Progress", 0.5, IF(F17="Review", 0.8, 0))) -> 0 | H17: Sprint 0 | I17: None | J17: Repository branching model and commit rules defined | K17: Define and establish standard repository branching guidelines and commit formats. Set up develop, main, and feature branch definitions on GitHub. Enforce pull request guidelines, commit tags (e.g. feat:, fix:), and merge criteria. Create a markdown documentation in docs detailing the repository rules. | L17: Git, GitHub, Markdown | M17: git workflow rules, branching strategy, pull request rules, commit guidelines | N17: docs/BRANCH_STRATEGY.md | O17: Pending | P17: Pending | Q17: Main/develop/feature branching rules | R17: No
A18: TASK-INF-003 | B18: Infrastructure | C18: Branch setup | D18: Adithyan N | E18: High | F18: Not Started | G18: ==IF(F18="Completed", 1, IF(F18="In Progress", 0.5, IF(F18="Review", 0.8, 0))) -> 0 | H18: Sprint 0 | I18: TASK-INF-002 | J18: Feature branches initialized on GitHub | K18: Initialize feature branches on the remote repository matching the project roadmap tasks list. Validate pull request pipelines and assign roles for code reviews. Set up status checks and branch protection rules for main and develop. Ensure developers can push feature branches without access conflicts. | L18: GitHub, Git CLI | M18: initialize feature branches, branch protection rules, code review assignments | N18: docs/BRANCH_STRATEGY.md | O18: Pending | P18: Pending | Q18: Initial pull request guidelines set | R18: No
A19: TASK-INF-004 | B19: Infrastructure | C19: MongoDB Atlas setup | D19: Adithyan N | E19: Critical | F19: Not Started | G19: ==IF(F19="Completed", 1, IF(F19="In Progress", 0.5, IF(F19="Review", 0.8, 0))) -> 0 | H19: Sprint 0 | I19: None | J19: Live MongoDB Atlas sandbox cluster initialized with access controls | K19: Set up a live MongoDB Atlas sandbox cluster with strict security controls. Create database users, manage credentials, and restrict network access with IP whitelist rules. Generate the production connection URI string. Validate database access locally using MongoDB Compass or terminal tools before deploying. | L19: MongoDB Atlas, MongoDB Compass, Network Security | M19: mongodb atlas setup, database clusters config, IP whitelists rules, connection string | N19: docs/04-Database-Architecture/SmartCity_DB_Architecture_v4.0_AI_Extension_Updated.md | O19: Pending | P19: Pending | Q19: IP whitelist rules configured | R19: No
A20: TASK-INF-005 | B20: Infrastructure | C20: Environment variables | D20: Muhammad Sanish | E20: High | F20: Not Started | G20: ==IF(F20="Completed", 1, IF(F20="In Progress", 0.5, IF(F20="Review", 0.8, 0))) -> 0 | H20: Sprint 0 | I20: None | J20: .env.example templates configuration sheets | K20: Create standard environment variables configuration templates (.env.example) for backend, frontend, and AI modules. Detail all required keys like DB connection strings, JWT secret keys, and Gemini API keys. Ensure no secret files are pushed to Git by verifying .gitignore excludes .env files. | L20: Node.js, Dotenv, Git Ignore | M20: dotenv configuration, environment template, gitignore rules, api keys templates | N20: docs/02-System-Architecture/MASTER_ARCHITECTURE_v1.md | O20: Pending | P20: Pending | Q20: No secrets checked in | R20: No
A21: TASK-INF-006 | B21: Infrastructure | C21: ESLint | D21: Adithyan N | E21: Medium | F21: Not Started | G21: ==IF(F21="Completed", 1, IF(F21="In Progress", 0.5, IF(F21="Review", 0.8, 0))) -> 0 | H21: Sprint 0 | I21: None | J21: ESLint standards rules deployed to repository root | K21: Deploy and configure standard ESLint code styling rules at the repository root. Establish code style limits for formatting, imports, and variables declaration to maintain code quality. Test styling standards compatibility in both backend and frontend workspaces. Create npm run lint check tasks. | L21: Node.js, ESLint, npm | M21: eslint config rules, code quality checks, linter automation scripts, code style configuration | N21: docs/02-System-Architecture/MASTER_ARCHITECTURE_v1.md | O21: Pending | P21: Pending | Q21: Static code styling checks active | R21: No
A22: TASK-INF-007 | B22: Infrastructure | C22: Prettier | D22: Adithyan N | E22: Medium | F22: Not Started | G22: ==IF(F22="Completed", 1, IF(F22="In Progress", 0.5, IF(F22="Review", 0.8, 0))) -> 0 | H22: Sprint 0 | I22: None | J22: Prettier formats scripts configured | K22: Integrate Prettier formatter scripts into the workspaces. Create the configuration rules files (.prettierrc) matching eslint specifications. Set up auto format on save configurations for Visual Studio Code or similar text editors. Validate formattings across backend, database, and client files. | L22: Prettier, ESLint, Editor SDK | M22: prettier configuration, code formatter scripts, editor styling setup, auto format guidelines | N22: docs/02-System-Architecture/MASTER_ARCHITECTURE_v1.md | O22: Pending | P22: Pending | Q22: Auto format on save verified | R22: No
A23: TASK-INF-008 | B23: Infrastructure | C23: Logging infrastructure | D23: Muhammad Sanish | E23: Medium | F23: Not Started | G23: ==IF(F23="Completed", 1, IF(F23="In Progress", 0.5, IF(F23="Review", 0.8, 0))) -> 0 | H23: Day 1 | I23: TASK-INF-005 | J23: Winston/Morgan logger system with data masking logic | K23: Deploy a centralized logging infrastructure using Winston and Morgan libraries. Design standard logging configurations to output info, warn, and error statements. Implement log transport mechanisms to files and console. Add critical data masking functions to redact sensitive client parameters or PII details. | L23: Node.js, Winston, Morgan, Regex | M23: winston logger config, morgan traffic logging, logger masking, PII redact logic | N23: docs/02-System-Architecture/MASTER_ARCHITECTURE_v1.md | O23: Pending | P23: Pending | Q23: PII credentials redact scripts applied | R23: No
A24: TASK-INF-009 | B24: Infrastructure | C24: Deployment preparation | D24: Adithyan N + Muhammad Sanish | E24: Medium | F24: Not Started | G24: ==IF(F24="Completed", 1, IF(F24="In Progress", 0.5, IF(F24="Review", 0.8, 0))) -> 0 | H24: Day 7 | I24: None | J24: Render/Vercel MVP launch readiness report | K24: Prepare the deployment pipelines and configuration documents for the MVP launch. Check hosting prerequisites for Render web services and Vercel client deployment. Generate CORS policy guidelines to prevent cross-origin errors in staging. Verify build dependencies and create the final launch report. | L24: Render, Vercel, CORS Configuration | M24: production deploy checklist, hosting environments config, CORS restrictions rules, launch plan | N24: docs/02-System-Architecture/MASTER_ARCHITECTURE_v1.md | O24: Pending | P24: Pending | Q24: Production CORS policies configured | R24: No
A25: TASK-DB-001 | B25: Database | C25: User schema | D25: Fathima Hana | E25: Critical | F25: Not Started | G25: ==IF(F25="Completed", 1, IF(F25="In Progress", 0.5, IF(F25="Review", 0.8, 0))) -> 0 | H25: Day 1 | I25: TASK-INF-004 | J25: Mongoose schema for users collection | K25: Create Mongoose schema definitions for users collection inside the backend models folder. Design fields for email, name, password hash, role reference, and active status. Add schema validations, unique index requirements, and automatic timestamps. Seed standard administrative credentials for testing. | L25: Node.js, MongoDB, Mongoose | M25: mongoose user schema, schema validations, user collection model, database index | N25: docs/04-Database-Architecture/SmartCity_DB_Architecture_v4.0_AI_Extension_Updated.md | O25: Pending | P25: Pending | Q25: Support: Adithyan N. Unique key bounds active | R25: No
A26: TASK-DB-002 | B26: Database | C26: Role schema | D26: Fathima Hana | E26: High | F26: Not Started | G26: ==IF(F26="Completed", 1, IF(F26="In Progress", 0.5, IF(F26="Review", 0.8, 0))) -> 0 | H26: Day 1 | I26: TASK-DB-001 | J26: Roles allocation definition mapping schemas | K26: Create Mongoose schema definitions for roles collection. Map role fields like role name (e.g. Citizen, Staff, Admin) and permission arrays references. Seed standard project role entries during database initialization. Implement strict integrity validations to prevent duplicate role registration. | L26: Node.js, MongoDB, Mongoose | M26: mongoose roles schema, role definitions map, database seeding, permissions index | N26: docs/04-Database-Architecture/SmartCity_DB_Architecture_v4.0_AI_Extension_Updated.md | O26: Pending | P26: Pending | Q26: Support: Adithyan N. Predefined roles seeded | R26: No
A27: TASK-DB-003 | B27: Database | C27: Permission schema | D27: Fathima Hana | E27: High | F27: Not Started | G27: ==IF(F27="Completed", 1, IF(F27="In Progress", 0.5, IF(F27="Review", 0.8, 0))) -> 0 | H27: Day 1 | I27: TASK-DB-002 | J27: Permissions collection schemas definition mapping routes | K27: Design and deploy Mongoose schema for the system permissions collection. Define attributes like resource path, CRUD actions flags, and permission descriptors. Map roles relationship arrays to permissions collections. Provide utility scripts to seed baseline route permission indices. | L27: Node.js, MongoDB, Mongoose | M27: mongoose permissions model, route permission check, database seeding scripts, RBAC config | N27: docs/04-Database-Architecture/SmartCity_DB_Architecture_v4.0_AI_Extension_Updated.md | O27: Pending | P27: Pending | Q27: Support: Adithyan N. RBAC maps | R27: No
... A111: TASK-QA-009 | B111: Documentation & QA | C111: Handover documentation | D111: Minha Palakkathodi | E111: High | F111: Not Started | G111: ==IF(F111="Completed", 1, IF(F111="In Progress", 0.5, IF(F111="Review", 0.8, 0))) -> 0 | H111: Day 7 | I111: TASK-QA-008 | J111: Municipality handover procedures manuals checklist | K111: Prepare the official municipality handoff procedures manuals. Detail roles credentials, system handover items logs, administration credentials rotation steps, and administrative contact channels guides sheets. | L111: Markdown, Handover Packages | M111: municipality handoff guide, credential keys rotation, administrator logins audit, handover manuals template | N111: docs/09-Handover-Documents/ARCHITECTURE_FREEZE_v1.md | O111: Pending | P111: Pending | Q111: Log logins and operational keys handover structures | R111: No

Sheet Kanban Board
A1: AI-Powered Smart Municipal Kanban Board (Status Flow Tracker)
B3: Project Name: | C3: Smart Municipal Assistance MVP | E3: Enterprise Lead: | F3: Adithyan N & PMO Team | H3: Target Milestone: | I3: 1-Week Rapid MVP Release
A5: Backlog / Future | D5: Not Started | G5: In Progress | J5: Under Review | M5: Completed
A6: Task ID | B6: Task Name | C6: Assigned To | D6: Task ID | E6: Task Name | F6: Assigned To | G6: Task ID | H6: Task Name | I6: Assigned To | J6: Task ID | K6: Task Name | L6: Assigned To | M6: Task ID | N6: Task Name | O6: Assigned To
D7: ==Dashboard!A16 -> TASK-INF-001 | E7: ==Dashboard!C16 -> Repository verification | F7: ==Dashboard!D16 -> Adithyan N + Muhammad Sanish
D8: ==Dashboard!A17 -> TASK-INF-002 | E8: ==Dashboard!C17 -> Git workflow setup | F8: ==Dashboard!D17 -> Adithyan N
D9: ==Dashboard!A18 -> TASK-INF-003 | E9: ==Dashboard!C18 -> Branch setup | F9: ==Dashboard!D18 -> Adithyan N
D10: ==Dashboard!A19 -> TASK-INF-004 | E10: ==Dashboard!C19 -> MongoDB Atlas setup | F10: ==Dashboard!D19 -> Adithyan N
D11: ==Dashboard!A20 -> TASK-INF-005 | E11: ==Dashboard!C20 -> Environment variables | F11: ==Dashboard!D20 -> Muhammad Sanish
D12: ==Dashboard!A21 -> TASK-INF-006 | E12: ==Dashboard!C21 -> ESLint | F12: ==Dashboard!D21 -> Adithyan N
D13: ==Dashboard!A22 -> TASK-INF-007 | E13: ==Dashboard!C22 -> Prettier | F13: ==Dashboard!D22 -> Adithyan N
D14: ==Dashboard!A23 -> TASK-INF-008 | E14: ==Dashboard!C23 -> Logging infrastructure | F14: ==Dashboard!D23 -> Muhammad Sanish
D15: ==Dashboard!A24 -> TASK-INF-009 | E15: ==Dashboard!C24 -> Deployment preparation | F15: ==Dashboard!D24 -> Adithyan N + Muhammad Sanish
D16: ==Dashboard!A25 -> TASK-DB-001 | E16: ==Dashboard!C25 -> User schema | F16: ==Dashboard!D25 -> Fathima Hana
D17: ==Dashboard!A26 -> TASK-DB-002 | E17: ==Dashboard!C26 -> Role schema | F17: ==Dashboard!D26 -> Fathima Hana
D18: ==Dashboard!A27 -> TASK-DB-003 | E18: ==Dashboard!C27 -> Permission schema | F18: ==Dashboard!D27 -> Fathima Hana
... D102: ==Dashboard!A111 -> TASK-QA-009 | E102: ==Dashboard!C111 -> Handover documentation | F102: ==Dashboard!D111 -> Minha Palakkathodi

Sheet Sprint 0
A1: Gantt Timeline Plan - Sprint 0 Schedule & Tasks
A2: Task ID | B2: Task Name | C2: Assigned To | D2: Priority | E2: Dependency | F2: Status | G2: Deliverable | H2: Implementation Description | I2: Suggested Tech Stack | J2: Suggested Prompt Keywords | K2: Reference Documents | L2: Testing Required | M2: Security Check Required | N2: Remarks
A3: ==Dashboard!A16 -> TASK-INF-001 | B3: ==Dashboard!C16 -> Repository verification | C3: ==Dashboard!D16 -> Adithyan N + Muhammad Sanish | D3: ==Dashboard!E16 -> High | E3: ==Dashboard!I16 -> None | F3: ==Dashboard!F16 -> Not Started | G3: Verified local Git repository and node workspace structures | H3: Verify and review the initial local Git repository layout and workspace structure. Check configuration files integrity like package.json, eslint configurations, and node workspaces setup. Ensure folder layout complies with project standards. Document structure errors and align branching structure before coding. | I3: Git, Node.js, Workspace CLI | J3: verify git layout, node workspace config, package.json check, folder integrity | K3: docs/02-System-Architecture/MASTER_ARCHITECTURE_v1.md | L3: Yes | M3: No | N3: ==Dashboard!Q16 -> Check configuration files integrity
A4: ==Dashboard!A17 -> TASK-INF-002 | B4: ==Dashboard!C17 -> Git workflow setup | C4: ==Dashboard!D17 -> Adithyan N | D4: ==Dashboard!E17 -> High | E4: ==Dashboard!I17 -> None | F4: ==Dashboard!F17 -> Not Started | G4: Repository branching model and commit rules defined | H4: Define and establish standard repository branching guidelines and commit formats. Set up develop, main, and feature branch definitions on GitHub. Enforce pull request guidelines, commit tags (e.g. feat:, fix:), and merge criteria. Create a markdown documentation in docs detailing the repository rules. | I4: Git, GitHub, Markdown | J4: git workflow rules, branching strategy, pull request rules, commit guidelines | K4: docs/BRANCH_STRATEGY.md | L4: No | M4: No | N4: ==Dashboard!Q17 -> Main/develop/feature branching rules
A5: ==Dashboard!A18 -> TASK-INF-003 | B5: ==Dashboard!C18 -> Branch setup | C5: ==Dashboard!D18 -> Adithyan N | D5: ==Dashboard!E18 -> High | E5: ==Dashboard!I18 -> TASK-INF-002 | F5: ==Dashboard!F18 -> Not Started | G5: Feature branches initialized on GitHub | H5: Initialize feature branches on the remote repository matching the project roadmap tasks list. Validate pull request pipelines and assign roles for code reviews. Set up status checks and branch protection rules for main and develop. Ensure developers can push feature branches without access conflicts. | I5: GitHub, Git CLI | J5: initialize feature branches, branch protection rules, code review assignments | K5: docs/BRANCH_STRATEGY.md | L5: No | M5: No | N5: ==Dashboard!Q18 -> Initial pull request guidelines set
A6: ==Dashboard!A19 -> TASK-INF-004 | B6: ==Dashboard!C19 -> MongoDB Atlas setup | C6: ==Dashboard!D19 -> Adithyan N | D6: ==Dashboard!E19 -> Critical | E6: ==Dashboard!I19 -> None | F6: ==Dashboard!F19 -> Not Started | G6: Live MongoDB Atlas sandbox cluster initialized with access controls | H6: Set up a live MongoDB Atlas sandbox cluster with strict security controls. Create database users, manage credentials, and restrict network access with IP whitelist rules. Generate the production connection URI string. Validate database access locally using MongoDB Compass or terminal tools before deploying. | I6: MongoDB Atlas, MongoDB Compass, Network Security | J6: mongodb atlas setup, database clusters config, IP whitelists rules, connection string | K6: docs/04-Database-Architecture/SmartCity_DB_Architecture_v4.0_AI_Extension_Updated.md | L6: Yes | M6: Yes | N6: ==Dashboard!Q19 -> IP whitelist rules configured
A7: ==Dashboard!A20 -> TASK-INF-005 | B7: ==Dashboard!C20 -> Environment variables | C7: ==Dashboard!D20 -> Muhammad Sanish | D7: ==Dashboard!E20 -> High | E7: ==Dashboard!I20 -> None | F7: ==Dashboard!F20 -> Not Started | G7: .env.example templates configuration sheets | H7: Create standard environment variables configuration templates (.env.example) for backend, frontend, and AI modules. Detail all required keys like DB connection strings, JWT secret keys, and Gemini API keys. Ensure no secret files are pushed to Git by verifying .gitignore excludes .env files. | I7: Node.js, Dotenv, Git Ignore | J7: dotenv configuration, environment template, gitignore rules, api keys templates | K7: docs/02-System-Architecture/MASTER_ARCHITECTURE_v1.md | L7: Yes | M7: Yes | N7: ==Dashboard!Q20 -> No secrets checked in
A8: ==Dashboard!A21 -> TASK-INF-006 | B8: ==Dashboard!C21 -> ESLint | C8: ==Dashboard!D21 -> Adithyan N | D8: ==Dashboard!E21 -> Medium | E8: ==Dashboard!I21 -> None | F8: ==Dashboard!F21 -> Not Started | G8: ESLint standards rules deployed to repository root | H8: Deploy and configure standard ESLint code styling rules at the repository root. Establish code style limits for formatting, imports, and variables declaration to maintain code quality. Test styling standards compatibility in both backend and frontend workspaces. Create npm run lint check tasks. | I8: Node.js, ESLint, npm | J8: eslint config rules, code quality checks, linter automation scripts, code style configuration | K8: docs/02-System-Architecture/MASTER_ARCHITECTURE_v1.md | L8: Yes | M8: No | N8: ==Dashboard!Q21 -> Static code styling checks active
A9: ==Dashboard!A22 -> TASK-INF-007 | B9: ==Dashboard!C22 -> Prettier | C9: ==Dashboard!D22 -> Adithyan N | D9: ==Dashboard!E22 -> Medium | E9: ==Dashboard!I22 -> None | F9: ==Dashboard!F22 -> Not Started | G9: Prettier formats scripts configured | H9: Integrate Prettier formatter scripts into the workspaces. Create the configuration rules files (.prettierrc) matching eslint specifications. Set up auto format on save configurations for Visual Studio Code or similar text editors. Validate formattings across backend, database, and client files. | I9: Prettier, ESLint, Editor SDK | J9: prettier configuration, code formatter scripts, editor styling setup, auto format guidelines | K9: docs/02-System-Architecture/MASTER_ARCHITECTURE_v1.md | L9: Yes | M9: No | N9: ==Dashboard!Q22 -> Auto format on save verified

Sheet Day 1
A1: Gantt Timeline Plan - Day 1 Schedule & Tasks
A2: Task ID | B2: Task Name | C2: Assigned To | D2: Priority | E2: Dependency | F2: Status | G2: Deliverable | H2: Implementation Description | I2: Suggested Tech Stack | J2: Suggested Prompt Keywords | K2: Reference Documents | L2: Testing Required | M2: Security Check Required | N2: Remarks
A3: ==Dashboard!A23 -> TASK-INF-008 | B3: ==Dashboard!C23 -> Logging infrastructure | C3: ==Dashboard!D23 -> Muhammad Sanish | D3: ==Dashboard!E23 -> Medium | E3: ==Dashboard!I23 -> TASK-INF-005 | F3: ==Dashboard!F23 -> Not Started | G3: Winston/Morgan logger system with data masking logic | H3: Deploy a centralized logging infrastructure using Winston and Morgan libraries. Design standard logging configurations to output info, warn, and error statements. Implement log transport mechanisms to files and console. Add critical data masking functions to redact sensitive client parameters or PII details. | I3: Node.js, Winston, Morgan, Regex | J3: winston logger config, morgan traffic logging, logger masking, PII redact logic | K3: docs/02-System-Architecture/MASTER_ARCHITECTURE_v1.md | L3: Yes | M3: Yes | N3: ==Dashboard!Q23 -> PII credentials redact scripts applied
A4: ==Dashboard!A25 -> TASK-DB-001 | B4: ==Dashboard!C25 -> User schema | C4: ==Dashboard!D25 -> Fathima Hana | D4: ==Dashboard!E25 -> Critical | E4: ==Dashboard!I25 -> TASK-INF-004 | F4: ==Dashboard!F25 -> Not Started | G4: Mongoose schema for users collection | H4: Create Mongoose schema definitions for users collection inside the backend models folder. Design fields for email, name, password hash, role reference, and active status. Add schema validations, unique index requirements, and automatic timestamps. Seed standard administrative credentials for testing. | I4: Node.js, MongoDB, Mongoose | J4: mongoose user schema, schema validations, user collection model, database index | K4: docs/04-Database-Architecture/SmartCity_DB_Architecture_v4.0_AI_Extension_Updated.md | L4: Yes | M4: Yes | N4: ==Dashboard!Q25 -> Support: Adithyan N. Unique key bounds active
A5: ==Dashboard!A26 -> TASK-DB-002 | B5: ==Dashboard!C26 -> Role schema | C5: ==Dashboard!D26 -> Fathima Hana | D5: ==Dashboard!E26 -> High | E5: ==Dashboard!I26 -> TASK-DB-001 | F5: ==Dashboard!F26 -> Not Started | G5: Roles allocation definition mapping schemas | H5: Create Mongoose schema definitions for roles collection. Map role fields like role name (e.g. Citizen, Staff, Admin) and permission arrays references. Seed standard project role entries during database initialization. Implement strict integrity validations to prevent duplicate role registration. | I5: Node.js, MongoDB, Mongoose | J5: mongoose roles schema, role definitions map, database seeding, permissions index | K5: docs/04-Database-Architecture/SmartCity_DB_Architecture_v4.0_AI_Extension_Updated.md | L5: Yes | M5: Yes | N5: ==Dashboard!Q26 -> Support: Adithyan N. Predefined roles seeded
A6: ==Dashboard!A27 -> TASK-DB-003 | B6: ==Dashboard!C27 -> Permission schema | C6: ==Dashboard!D27 -> Fathima Hana | D6: ==Dashboard!E27 -> High | E6: ==Dashboard!I27 -> TASK-DB-002 | F6: ==Dashboard!F27 -> Not Started | G6: Permissions collection schemas definition mapping routes | H6: Design and deploy Mongoose schema for the system permissions collection. Define attributes like resource path, CRUD actions flags, and permission descriptors. Map roles relationship arrays to permissions collections. Provide utility scripts to seed baseline route permission indices. | I6: Node.js, MongoDB, Mongoose | J6: mongoose permissions model, route permission check, database seeding scripts, RBAC config | K6: docs/04-Database-Architecture/SmartCity_DB_Architecture_v4.0_AI_Extension_Updated.md | L6: Yes | M6: Yes | N6: ==Dashboard!Q27 -> Support: Adithyan N. RBAC maps
A7: ==Dashboard!A28 -> TASK-DB-004 | B7: ==Dashboard!C28 -> Department schema | C7: ==Dashboard!D28 -> Fathima Hana | D7: ==Dashboard!E28 -> Medium | E7: ==Dashboard!I28 -> TASK-DB-001 | F7: ==Dashboard!F28 -> Not Started | G7: Department schemas mapping employees | H7: Create Mongoose schema mapping departments collection in the backend models directory. Add fields for department name, lead assigned reference, code, and active staff indices list. Implement Mongoose model validations and query middleware helper methods. Seed primary departments data. | I7: Node.js, MongoDB, Mongoose | J7: mongoose department schema, department metadata model, indexing strategy, data seed | K7: docs/04-Database-Architecture/SmartCity_DB_Architecture_v4.0_AI_Extension_Updated.md | L7: Yes | M7: No | N7: ==Dashboard!Q28 -> Support: Adithyan N. Collection indices
A8: ==Dashboard!A37 -> TASK-DB-013 | B8: ==Dashboard!C37 -> Indexes | C8: ==Dashboard!D37 -> Fathima Hana | D8: ==Dashboard!E37 -> High | E8: ==Dashboard!I37 -> TASK-DB-001 | F8: ==Dashboard!F37 -> Not Started | G8: Unique indices mapping user emails and tracking file ID keys | H8: Deploy custom database indexing rules on Mongoose schemas to optimize queries. Set unique compound indexes for user emails, tracking code IDs, and geospatial indexes for coordinates in complaints and attendance. Verify index coverage reports using mongo dashboard CLI tool. | I8: MongoDB, Mongoose Indexing CLI | J8: unique database indexes, geospatial coordinate indexing, explain query plans, database tuning | K8: docs/04-Database-Architecture/SmartCity_DB_Architecture_v4.0_AI_Extension_Updated.md | L8: Yes | M8: No | N8: ==Dashboard!Q37 -> Support: Adithyan N. Index strategies verified
A9: ==Dashboard!A38 -> TASK-DB-014 | B9: ==Dashboard!C38 -> Relationships | C9: ==Dashboard!D38 -> Fathima Hana | D9: ==Dashboard!E38 -> Medium | E9: ==Dashboard!I38 -> TASK-DB-002 | F9: ==Dashboard!F38 -> Not Started | G9: Foreign object reference bounds configuration in schemas | H9: Enforce Mongoose models relation controls and reference keys consistency check. Configure reference checks using pre-save validation hooks on employee ID references and complaint ID fields. Add custom error responses output when target foreign records are missing. | I9: Node.js, MongoDB, Mongoose Schema | J9: foreign key reference checks, schema validation rules, data relational consistency, database design | K9: docs/04-Database-Architecture/SmartCity_DB_Architecture_v4.0_AI_Extension_Updated.md | L9: Yes | M9: No | N9: ==Dashboard!Q38 -> Support: Adithyan N. Strict Mongoose validations
A10: ==Dashboard!A39 -> TASK-DB-015 | B10: ==Dashboard!C39 -> Validation rules | C10: ==Dashboard!D39 -> Fathima Hana | D10: ==Dashboard!E39 -> High | E10: ==Dashboard!I39 -> TASK-DB-001 | F10: ==Dashboard!F39 -> Not Started | G10: Mongoose validators evaluating text formats and coordinate bounds | H10: Write custom Mongoose validators evaluating data entry integrity. Add regex formats checks on mobile numbers, validation checks on email domains, and coordinates checks for municipal geographic bounds. Test validations triggers using model mock entries. | I10: Node.js, MongoDB, Mongoose Validator | J10: mongoose regex validators, geolocation coordinate validator, input sanity checker, error handler | K10: docs/04-Database-Architecture/SmartCity_DB_Architecture_v4.0_AI_Extension_Updated.md | L10: Yes | M10: Yes | N10: ==Dashboard!Q39 -> Support: Adithyan N. Input sanity checker
A11: ==Dashboard!A41 -> TASK-BE-001 | B11: ==Dashboard!C41 -> Express setup | C11: ==Dashboard!D41 -> Muhammad Sanish | D11: ==Dashboard!E41 -> Critical | E11: ==Dashboard!I41 -> TASK-INF-005 | F11: ==Dashboard!F41 -> Not Started | G11: Express server layout initialized with Helmet and CORS settings | H11: Scaffold and initialize Express.js web server inside the backend folder. Apply secure default middleware using Helmet, standard CORS origins controls rules, and JSON request parsers. Configure logs outputs and error handling hooks. Verify server responds successfully. | I11: Node.js, Express.js, Helmet, CORS | J11: express scaffold setup, helmet secure middleware, CORS restrictions setup, routing base config | K11: docs/05-API-Architecture/API_Architecture_DB_Aligned_v1.0.md | L11: Yes | M11: Yes | N11: ==Dashboard!Q41 -> Security middleware active
A12: ==Dashboard!A42 -> TASK-BE-002 | B12: ==Dashboard!C42 -> MongoDB connection | C12: ==Dashboard!D42 -> Muhammad Sanish | D12: ==Dashboard!E42 -> Critical | E12: ==Dashboard!I42 -> TASK-INF-004 | F12: ==Dashboard!F42 -> Not Started | G12: Mongoose database connector with auto-retry logics | H12: Code the Mongoose connection adapter script with auto-retry logics. Build robust error connection hooks reporting database disconnection, connection failure, or credential limits alerts. Establish connection pool size controls to limit database loads. | I12: Node.js, Mongoose, MongoDB Atlas | J12: mongoose connection adapter, auto reconnect loop, db credentials hook, collection pool size | K12: docs/05-API-Architecture/API_Architecture_DB_Aligned_v1.0.md | L12: Yes | M12: No | N12: ==Dashboard!Q42 -> Connection pool set to 10 connections max
A13: ==Dashboard!A43 -> TASK-BE-003 | B13: ==Dashboard!C43 -> Environment configuration | C13: ==Dashboard!D43 -> Muhammad Sanish | D13: ==Dashboard!E43 -> High | E13: ==Dashboard!I43 -> TASK-INF-005 | F13: ==Dashboard!F43 -> Not Started | G13: Dotenv loader checking and validating essential keys | H13: Write environment configuration loader module validating environment keys on startup. Verify the existence of required properties like MONGO_URI, JWT_SECRET, and PORT. Raise startup crash exceptions if mandatory keys are missing in the configuration. | I13: Node.js, Config Validation | J13: environment variable checks, schema parser config, error crash loop, bootstrap validation | K13: docs/05-API-Architecture/API_Architecture_DB_Aligned_v1.0.md | L13: Yes | M13: Yes | N13: ==Dashboard!Q43 -> Throws startup error on missing keys
A14: ==Dashboard!A48 -> TASK-BE-008 | B14: ==Dashboard!C48 -> RBAC middleware | C14: ==Dashboard!D48 -> Muhammad Sanish | D14: ==Dashboard!E48 -> Critical | E14: ==Dashboard!I48 -> TASK-BE-005 | F14: ==Dashboard!F48 -> Not Started | G14: Gated endpoint middleware evaluating token permissions | H14: Build role-based access control (RBAC) middleware gating backend API endpoints. Match user role from JWT validation payload against resource paths permissions registry. Block unauthorized queries with JSON format access denied errors (403 Status). | I14: Node.js, Express, RBAC Logic | J14: rbac validation middleware, endpoint permission check, resource authorization, jwt token mapping | K14: docs/05-API-Architecture/API_Architecture_DB_Aligned_v1.0.md | L14: Yes | M14: Yes | N14: ==Dashboard!Q48 -> Role sets validation checks
A15: ==Dashboard!A50 -> TASK-BE-010 | B15: ==Dashboard!C50 -> Error middleware | C15: ==Dashboard!D50 -> Muhammad Sanish | D15: ==Dashboard!E50 -> Medium | E15: ==Dashboard!I50 -> TASK-BE-001 | F15: ==Dashboard!F50 -> Not Started | G15: Centralized Express error handlers parsing exceptions | H15: Create centralized Express error processing middleware to catch runtime exceptions. Restructure errors outputting uniform JSON schemas containing custom messages and status codes. Mask inner diagnostics stack details on production environments. | I15: Node.js, Express Middleware | J15: express error middleware, centralized error formats, stack trace mask, custom exception mapper | K15: docs/05-API-Architecture/API_Architecture_DB_Aligned_v1.0.md | L15: Yes | M15: No | N15: ==Dashboard!Q50 -> Redacts stack traces in production environment
A16: ==Dashboard!A51 -> TASK-BE-011 | B16: ==Dashboard!C51 -> Validation middleware | C16: ==Dashboard!D51 -> Muhammad Sanish | D16: ==Dashboard!E51 -> High | E16: ==Dashboard!I51 -> TASK-BE-001 | F16: ==Dashboard!F51 -> Not Started | G16: Body/params query schemas validator middlewares | H16: Deploy payload format validation middleware using Express validation libraries (e.g. Joi, Zod). Build input schemas checking parameter data styles for logins, registrations, and complaints creation. Strip out unrecognized fields. | I16: Node.js, Express, Joi/Zod | J16: request body validation, request schema filters, middleware request parser, input filter | K16: docs/05-API-Architecture/API_Architecture_DB_Aligned_v1.0.md | L16: Yes | M16: Yes | N16: ==Dashboard!Q51 -> Strips unauthorized fields
A17: ==Dashboard!A58 -> TASK-BE-018 | B17: ==Dashboard!C58 -> Rate limiting | C17: ==Dashboard!D58 -> Muhammad Sanish | D17: ==Dashboard!E58 -> High | E17: ==Dashboard!I58 -> TASK-BE-001 | F17: ==Dashboard!F58 -> Not Started | G17: Rate-limiter setup restricting requests per IP window | H17: Apply rate limiting security middleware (e.g. express-rate-limit) on authentication and feedback API routes. Set maximum request thresholds within specific IP time frames to block database search brute force attempts. | I17: Node.js, Express, Express Rate Limit | J17: express rate limit, brute force protection, authentication route limit, api rate policy | K17: docs/05-API-Architecture/API_Architecture_DB_Aligned_v1.0.md | L17: Yes | M17: Yes | N17: ==Dashboard!Q58 -> Prevents brute force attempts
A18: ==Dashboard!A59 -> TASK-BE-019 | B18: ==Dashboard!C59 -> Health check API | C18: ==Dashboard!D59 -> Muhammad Sanish | D18: ==Dashboard!E59 -> Low | E18: ==Dashboard!I59 -> TASK-BE-001 | F18: ==Dashboard!F59 -> Not Started | G18: Diagnostics route returning system status | H18: Write system diagnostic health check route. Create endpoint returning status checks details for active MongoDB connectivity, memory limits details, and uptime metric logs. Mask system paths from unauthorized requests. | I18: Node.js, Express, System CLI | J18: health check endpoint, mongoose database validation, system metrics logs, diagnostics route | K18: docs/05-API-Architecture/API_Architecture_DB_Aligned_v1.0.md | L18: Yes | M18: No | N18: ==Dashboard!Q59 -> Returns DB status and memory limits details
A19: ==Dashboard!A61 -> TASK-FE-001 | B19: ==Dashboard!C61 -> React project setup | C19: ==Dashboard!D61 -> Adithyan N | D19: ==Dashboard!E61 -> High | E19: ==Dashboard!I61 -> None | F19: ==Dashboard!F61 -> Not Started | G19: Vite React scaffold template created | H19: Scaffold React frontend workspace template using Vite build tool. Establish dependency packages list containing Axios, React Router, TailwindCSS, and ESLint configs. Validate dev server initializes cleanly and page builds error-free. | I19: Node.js, Vite, React, npm | J19: vite react setup, frontend workspace config, client dependency install, build setup | K19: docs/06-UI-Architecture/Frontend_Architecture_Final_Merged_Updated.pdf | L19: Yes | M19: No | N19: ==Dashboard!Q61 -> Project workspace initialized
A20: ==Dashboard!A62 -> TASK-FE-002 | B20: ==Dashboard!C62 -> Tailwind setup | C20: ==Dashboard!D62 -> Adithyan N | D20: ==Dashboard!E62 -> High | E20: ==Dashboard!I62 -> TASK-FE-001 | F20: ==Dashboard!F62 -> Not Started | G20: Tailwind utility framework config initialized | H20: Install and configure TailwindCSS framework inside client workspace. Configure custom project theme parameters including HSL color palette mappings, fonts, and responsive grid values in tailwind.config.js. Test styling inputs. | I20: TailwindCSS, PostCSS, Autoprefixer | J20: tailwindcss client setup, custom color layouts, theme palette map, stylesheet utility | K20: docs/06-UI-Architecture/Frontend_Architecture_Final_Merged_Updated.pdf | L20: Yes | M20: No | N20: ==Dashboard!Q62 -> Custom theme color palettes mapped
A21: ==Dashboard!A63 -> TASK-FE-003 | B21: ==Dashboard!C63 -> Folder structure | C21: ==Dashboard!D63 -> Adithyan N | D21: ==Dashboard!E63 -> Medium | E21: ==Dashboard!I63 -> TASK-FE-001 | F21: ==Dashboard!F63 -> Not Started | G21: Standard client pages/components directory structured | H21: Organize folder structure layout for frontend modules. Set up pages, components, assets, contexts, hooks, services, and utils subfolders inside src folder. Deploy file organization criteria guidelines file for developer teams. | I21: Vite, React Workspace | J21: folder architecture layout, files layout organization, clean code pattern, modular structure | K21: docs/06-UI-Architecture/Frontend_Architecture_Final_Merged_Updated.pdf | L21: No | M21: No | N21: ==Dashboard!Q63 -> Standard clean coding layout
A22: ==Dashboard!A64 -> TASK-FE-004 | B22: ==Dashboard!C64 -> Global layout | C22: ==Dashboard!D64 -> Adithyan N | D22: ==Dashboard!E64 -> High | E22: ==Dashboard!I64 -> TASK-FE-003 | F22: ==Dashboard!F64 -> Not Started | G22: Responsive sidebars and navigation headers layouts | H22: Build global application layout components including responsive sidebars, main navigation headers, and content containers. Ensure menus collapse on mobile viewports. Integrate user profile card previews and notifications indicator buttons. | I22: React, TailwindCSS, Heroicons | J22: global sidebar component, header navbar layouts, mobile drawer controls, desktop layout shell | K22: docs/06-UI-Architecture/Frontend_Architecture_Final_Merged_Updated.pdf | L22: Yes | M22: No | N22: ==Dashboard!Q64 -> Mobile responsive shell layout
A23: ==Dashboard!A65 -> TASK-FE-005 | B23: ==Dashboard!C65 -> Routing | C23: ==Dashboard!D65 -> Adithyan N | D23: ==Dashboard!E65 -> High | E23: ==Dashboard!I65 -> TASK-FE-001 | F23: ==Dashboard!F65 -> Not Started | G23: React Router paths configuration mapping | H23: Integrate React Router library setup. Define paths mappings for public citizen homepages, auth views, dashboards, complaints management panels, tracking search views, and settings. Build fallback routes catching unmatched paths. | I23: React, React Router DOM | J23: react router client, path route definitions, route routing manager, browser paths map | K23: docs/06-UI-Architecture/Frontend_Architecture_Final_Merged_Updated.pdf | L23: Yes | M23: No | N23: ==Dashboard!Q65 -> URL router structure finalized
A24: ==Dashboard!A66 -> TASK-FE-006 | B24: ==Dashboard!C66 -> Protected routes | C24: ==Dashboard!D66 -> Adithyan N | D24: ==Dashboard!E66 -> High | E24: ==Dashboard!I66 -> TASK-FE-005 | F24: ==Dashboard!F66 -> Not Started | G24: Route wrapper gating views based on user login token | H24: Create reusable React route guard components that prevent unauthorized users from accessing protected pages. Verify JWT token validity and user roles before rendering pages. Redirect unauthenticated users to the login page and unauthorized users to an access denied page. Integrate with React Router and centralized authentication context/store. Test by attempting direct URL access to restricted routes. | I24: React, React Router, Context API | J24: client route guard, role check component, guest redirect route, route permission gate | K24: docs/06-UI-Architecture/Frontend_Architecture_Final_Merged_Updated.pdf | L24: Yes | M24: Yes | N24: ==Dashboard!Q66 -> Redirects guest to login page
A25: ==Dashboard!A67 -> TASK-FE-007 | B25: ==Dashboard!C67 -> Axios client | C25: ==Dashboard!D67 -> Adithyan N | D25: ==Dashboard!E67 -> High | E25: ==Dashboard!I67 -> None | F25: ==Dashboard!F67 -> Not Started | G25: Custom Axios client class initialized | H25: Develop Axios API client service setup. Configure base URL matching backend gateway, timeout limits, and default request headers definitions. Include error processing logic capturing standard network errors or request cancellations. | I25: Node.js, Axios Client, Express API | J25: axios client config, api routing base, endpoint timeout handler, network connection check | K25: docs/06-UI-Architecture/Frontend_Architecture_Final_Merged_Updated.pdf | L25: Yes | M25: No | N25: ==Dashboard!Q67 -> Base configuration templates
A26: ==Dashboard!A68 -> TASK-FE-008 | B26: ==Dashboard!C68 -> API interceptors | C26: ==Dashboard!D68 -> Adithyan N | D26: ==Dashboard!E68 -> High | E26: ==Dashboard!I68 -> TASK-FE-007 | F26: ==Dashboard!F68 -> Not Started | G26: JWT token injection request/response interceptors | H26: Implement Axios interceptors injecting JWT validation credentials automatically. Write response interceptors monitoring 401 Unauthorized codes to trigger token refresh sequences or clean up local storage caches and force login views. | I26: Node.js, Axios Interceptors, JWT Token | J26: jwt request interceptor, token refresh hooks, axios token injector, unauthorized handler | K26: docs/06-UI-Architecture/Frontend_Architecture_Final_Merged_Updated.pdf | L26: Yes | M26: Yes | N26: ==Dashboard!Q68 -> Auto attaches auth tokens to headers
A27: ==Dashboard!A79 -> TASK-FE-019 | B27: ==Dashboard!C79 -> Reusable Components | C27: ==Dashboard!D79 -> Adithyan N | D27: ==Dashboard!E79 -> Medium | E27: ==Dashboard!I79 -> TASK-FE-002 | F27: ==Dashboard!F79 -> Not Started | G27: Standard buttons, forms input fields, modal dialogs library | H27: Write reusable UI components components library. Construct unified designs for inputs, custom buttons, modal dialog containers, loader spinners, feedback alert boxes, and dropdown select fields, matching styling criteria. | I27: React, TailwindCSS, Modular CSS | J27: reusable input components, customized button designs, modal popup wrapper, common asset styles | K27: docs/06-UI-Architecture/Frontend_Architecture_Final_Merged_Updated.pdf | L27: Yes | M27: No | N27: ==Dashboard!Q79 -> Common component assets
A28: ==Dashboard!A82 -> TASK-FE-022 | B28: ==Dashboard!C82 -> Error boundaries | C28: ==Dashboard!D82 -> Adithyan N | D28: ==Dashboard!E82 -> Low | E28: ==Dashboard!I82 -> TASK-FE-001 | F28: ==Dashboard!F82 -> Not Started | G28: React fallback boundaries catching rendering errors | H28: Write custom React error boundary wrappers capturing rendering exceptions. Prevent app crash locks by displaying clean recovery warnings templates. Exclude core developer debug logs stack details from user-facing screens. | I28: React Component SDK | J28: react error boundary, react rendering recovery, application fallback layout, crash warning screens | K28: docs/06-UI-Architecture/Frontend_Architecture_Final_Merged_Updated.pdf | L28: Yes | M28: No | N28: ==Dashboard!Q82 -> No stack details shown in production UI
A29: ==Dashboard!A83 -> TASK-FE-023 | B29: ==Dashboard!C83 -> Loading components | C29: ==Dashboard!D83 -> Adithyan N | D29: ==Dashboard!E83 -> Low | E29: ==Dashboard!I83 -> TASK-FE-001 | F29: ==Dashboard!F83 -> Not Started | G29: Standardized skeleton loader elements | H29: Build visual skeleton loader components mimicking page layouts during loading events. Design loading indicators representing statistics lists, text blocks, table rows, and dashboard blocks to improve perceived speeds. | I29: React, TailwindCSS, Shimmer Animation | J29: skeleton card loaders, page loading layout, shimmer CSS animations, data fetching wrapper | K29: docs/06-UI-Architecture/Frontend_Architecture_Final_Merged_Updated.pdf | L29: Yes | M29: No | N29: ==Dashboard!Q83 -> Visual placeholders setup
A30: ==Dashboard!A103 -> TASK-QA-001 | B30: ==Dashboard!C103 -> Requirement traceability | C30: ==Dashboard!D103 -> Minha Palakkathodi | D30: ==Dashboard!E103 -> High | E30: ==Dashboard!I103 -> None | F30: ==Dashboard!F103 -> Not Started | G30: RTM spreadsheet linking requirements to components code | H30: Develop the Requirement Traceability Matrix (RTM) document. Map SRS features targets to database schemas layouts, api route controllers, and frontend pages. Verify complete specification coverage in active worksheets. | I30: Markdown, Excel Workspace | J30: rtm document structure, srs traceability mapping, specification validation index, quality metrics | K30: docs/01-SRS/SRS_AI_Powered_Municipality_Management_Portal_Updated.docx | L30: No | M30: No | N30: ==Dashboard!Q103 -> Traceability index setup

Sheet Day 2
A1: Gantt Timeline Plan - Day 2 Schedule & Tasks
A2: Task ID | B2: Task Name | C2: Assigned To | D2: Priority | E2: Dependency | F2: Status | G2: Deliverable | H2: Implementation Description | I2: Suggested Tech Stack | J2: Suggested Prompt Keywords | K2: Reference Documents | L2: Testing Required | M2: Security Check Required | N2: Remarks
A3: ==Dashboard!A29 -> TASK-DB-005 | B3: ==Dashboard!C29 -> Complaint schema | C3: ==Dashboard!D29 -> Fathima Hana | D3: ==Dashboard!E29 -> Critical | E3: ==Dashboard!I29 -> TASK-DB-001 | F3: ==Dashboard!F29 -> Not Started | G3: Complaints database models with status trackers | H3: Develop the complaints Mongoose database model. Define keys for tracking category, description text, citizen creator reference, current status (e.g. Open, In Progress, Resolved), coordinates, and file attachments URI strings. Enforce strict Mongoose input validators for data fields. | I3: Node.js, MongoDB, Mongoose | J3: mongoose complaint schema, geolocation parameters, image path string, input validations | K3: docs/04-Database-Architecture/SmartCity_DB_Architecture_v4.0_AI_Extension_Updated.md | L3: Yes | M3: Yes | N3: ==Dashboard!Q29 -> Support: Adithyan N. Handles attachments path strings
A4: ==Dashboard!A30 -> TASK-DB-006 | B4: ==Dashboard!C30 -> Complaint assignment schema | C4: ==Dashboard!D30 -> Fathima Hana | D4: ==Dashboard!E30 -> High | E4: ==Dashboard!I30 -> TASK-DB-005 | F4: ==Dashboard!F30 -> Not Started | G4: Assignments tracking schemas mapping assignees and times | H4: Create Mongoose schema tracking complaints assignments history. Add attributes for complaint ID reference, assigned employee reference, manager dispatcher reference, assign date, and status tags. Add pre-save validations confirming target assignee is a valid staff user. | I4: Node.js, MongoDB, Mongoose | J4: mongoose assignment schema, staff reference checking, ticket lifecycle tracker, validation rule | K4: docs/04-Database-Architecture/SmartCity_DB_Architecture_v4.0_AI_Extension_Updated.md | L4: Yes | M4: No | N4: ==Dashboard!Q30 -> Support: Adithyan N. References user and complaint
A5: ==Dashboard!A44 -> TASK-BE-004 | B5: ==Dashboard!C44 -> Authentication APIs | C5: ==Dashboard!D44 -> Muhammad Sanish | D5: ==Dashboard!E44 -> Critical | E5: ==Dashboard!I44 -> TASK-BE-001 | F5: ==Dashboard!F44 -> Not Started | G5: Login and signup backend API router endpoints | H5: Build secure authentication APIs for user registration and user login in Express.js. Retrieve payload fields, execute validations check, and hash passwords using bcrypt algorithm (rounds >= 10). Return success or structured failure code payload. | I5: Node.js, Express, Bcrypt | J5: user registration api, express login route, bcrypt hashing config, user models lookup | K5: docs/05-API-Architecture/API_Architecture_DB_Aligned_v1.0.md | L5: Yes | M5: Yes | N5: ==Dashboard!Q44 -> Bcrypt salt rounds configured
A6: ==Dashboard!A45 -> TASK-BE-005 | B6: ==Dashboard!C45 -> JWT implementation | C6: ==Dashboard!D45 -> Muhammad Sanish | D6: ==Dashboard!E45 -> Critical | E6: ==Dashboard!I45 -> TASK-BE-004 | F6: ==Dashboard!F45 -> Not Started | G6: Access token issuance logic mapped to JWT key payload | H6: Implement JWT token creation logic on successful logins. Generate signature payloads containing user ID, role, name, and department reference details. Define short access token expiration limits (e.g. 15 mins). Set up token verification helper middleware. | I6: Node.js, Express, JWT | J6: jwt signature token, token payload mapping, token expiry check, signature validation | K6: docs/05-API-Architecture/API_Architecture_DB_Aligned_v1.0.md | L6: Yes | M6: Yes | N6: ==Dashboard!Q45 -> Token expires in 15 mins
A7: ==Dashboard!A46 -> TASK-BE-006 | B7: ==Dashboard!C46 -> Refresh token API | C7: ==Dashboard!D46 -> Muhammad Sanish | D7: ==Dashboard!E46 -> High | E7: ==Dashboard!I46 -> TASK-BE-005 | F7: ==Dashboard!F46 -> Not Started | G7: Rotating refresh token endpoints validations | H7: Create secure refresh token APIs supporting token rotation schemes. Maintain active refresh tokens in a cookie transport with HTTPOnly, Secure, and SameSite tags. Verify token validation and rotate credentials on access token renewal requests. | I7: Node.js, Express, JWT, Cookie Parser | J7: refresh token api, secure cookie transport, token rotation logic, session refresh route | K7: docs/05-API-Architecture/API_Architecture_DB_Aligned_v1.0.md | L7: Yes | M7: Yes | N7: ==Dashboard!Q46 -> Secure cookie transport tags configuration
A8: ==Dashboard!A47 -> TASK-BE-007 | B8: ==Dashboard!C47 -> Logout API | C8: ==Dashboard!D47 -> Muhammad Sanish | D8: ==Dashboard!E47 -> Medium | E8: ==Dashboard!I47 -> TASK-BE-005 | F8: ==Dashboard!F47 -> Not Started | G8: Token cleanup and session revocation middleware endpoints | H8: Write session logout controller revoke endpoint. Remove client refresh token credentials, delete session tracking documents, and clear token transport cookie fields. Confirm user cannot refresh validation tokens after logging out. | I8: Node.js, Express, Cookie Manager | J8: logout controller api, token cookie clearing, session delete route, express cookie clear | K8: docs/05-API-Architecture/API_Architecture_DB_Aligned_v1.0.md | L8: Yes | M8: No | N8: ==Dashboard!Q47 -> Revokes active refresh session
A9: ==Dashboard!A52 -> TASK-BE-012 | B9: ==Dashboard!C52 -> Complaint APIs | C9: ==Dashboard!D52 -> Muhammad Sanish | D9: ==Dashboard!E52 -> High | E9: ==Dashboard!I52 -> TASK-BE-008 | F9: ==Dashboard!F52 -> Not Started | G9: Create, update, assign, and query complaints APIs | H9: Build grievance complaint CRUD endpoints. Code controllers validating citizen login context, storing geographic coordinates, attachment references, and routing ticket assign processes. Enforce resource ownership checks during update operations. | I9: Node.js, Express, Mongoose | J9: complaint endpoints crud, coordinates geo parsing, file upload paths, updates validation | K9: docs/05-API-Architecture/API_Architecture_DB_Aligned_v1.0.md | L9: Yes | M9: Yes | N9: ==Dashboard!Q52 -> Resource ownership validations active
A10: ==Dashboard!A69 -> TASK-FE-009 | B10: ==Dashboard!C69 -> Authentication pages | C10: ==Dashboard!D69 -> Adithyan N | D10: ==Dashboard!E69 -> High | E10: ==Dashboard!I69 -> TASK-FE-006 | F10: ==Dashboard!F69 -> Not Started | G10: Responsive Login and registration forms UI layouts | H10: Create responsive login and citizen registration form interfaces. Integrate client-side formatting checks for passwords strength, mobile numbers regex structures, and email formats. Validate error feedback alerts display on validation failures. | I10: React, TailwindCSS, Form State | J10: login layout ui, citizen registration form, input validation bounds, input error displays | K10: docs/06-UI-Architecture/Frontend_Architecture_Final_Merged_Updated.pdf | L10: Yes | M10: Yes | N10: ==Dashboard!Q69 -> Client side input validation rules active
A11: ==Dashboard!A70 -> TASK-FE-010 | B11: ==Dashboard!C70 -> Citizen Dashboard | C11: ==Dashboard!D70 -> Adithyan N | D11: ==Dashboard!E70 -> High | E11: ==Dashboard!I70 -> TASK-FE-006 | F11: ==Dashboard!F70 -> Not Started | G11: Grievance list overview panel and stats widgets UI | H11: Develop the main Citizen Dashboard panel view. Design summary statistics widgets showcasing total complaints logged, active tickets count, and completed complaints. Include filter selectors filtering complaints list details. | I11: React, TailwindCSS, Lucide Icons | J11: citizen portal interface, dashboard tracking view, tickets status table, citizen statistics widgets | K11: docs/06-UI-Architecture/Frontend_Architecture_Final_Merged_Updated.pdf | L11: Yes | M11: No | N11: ==Dashboard!Q70 -> Overview dashboard for citizen portals
A12: ==Dashboard!A71 -> TASK-FE-011 | B12: ==Dashboard!C71 -> Complaint Management UI | C12: ==Dashboard!D71 -> Adithyan N | D12: ==Dashboard!E71 -> High | E12: ==Dashboard!I71 -> TASK-FE-010 | F12: ==Dashboard!F71 -> Not Started | G12: Complaint intake form components with file attachment uploaders | H12: Build complaint intake form dashboard view. Support file attachments uploads, geographic coordinates input using maps plugins or geolocation browsers, category select input, and description text fields. Validate constraints checks. | I12: React, TailwindCSS, Geolocation API | J12: complaint submission layout, file attach validation, coordinates browser picker, form submittals | K12: docs/06-UI-Architecture/Frontend_Architecture_Final_Merged_Updated.pdf | L12: Yes | M12: Yes | N12: ==Dashboard!Q71 -> File type constraints validated
A13: ==Dashboard!A104 -> TASK-QA-002 | B13: ==Dashboard!C104 -> Test case creation | C13: ==Dashboard!D104 -> Minha Palakkathodi | D13: ==Dashboard!E104 -> High | E13: ==Dashboard!I104 -> TASK-QA-001 | F13: ==Dashboard!F104 -> Not Started | G13: Functional test cases suite covering citizen/staff actions | H13: Write manual testing scripts covering citizen registrations, complaints logging lifecycle, file tracking number search queries, and biometric attendance logs. Detail expected results formats for testers. | I13: Markdown, QA Test Sheets | J13: manual test script, user action validations, expected results table, test case layout | K13: docs/01-SRS/SRS_AI_Powered_Municipality_Management_Portal_Updated.docx | L13: No | M13: No | N13: ==Dashboard!Q104 -> Manual check sheets ready

Sheet Day 3
A1: Gantt Timeline Plan - Day 3 Schedule & Tasks
A2: Task ID | B2: Task Name | C2: Assigned To | D2: Priority | E2: Dependency | F2: Status | G2: Deliverable | H2: Implementation Description | I2: Suggested Tech Stack | J2: Suggested Prompt Keywords | K2: Reference Documents | L2: Testing Required | M2: Security Check Required | N2: Remarks
A3: ==Dashboard!A31 -> TASK-DB-007 | B3: ==Dashboard!C31 -> File tracking schema | C3: ==Dashboard!D31 -> Fathima Hana | D3: ==Dashboard!E31 -> Medium | E3: ==Dashboard!I31 -> TASK-DB-005 | F3: ==Dashboard!F31 -> Not Started | G3: File_tracking and progress steps schemas mapping | H3: Design database schema tracking official file transfers and tracking steps. Save metadata containing tracking number, source department ID, target department ID, transfer date, and status timeline array. Implement validation rules checking timeline sequencing. | I3: Node.js, MongoDB, Mongoose | J3: mongoose file tracking schema, workflow timeline array, tracking code index, metadata config | K3: docs/04-Database-Architecture/SmartCity_DB_Architecture_v4.0_AI_Extension_Updated.md | L3: Yes | M3: No | N3: ==Dashboard!Q31 -> Support: Adithyan N. Tracks history steps
A4: ==Dashboard!A32 -> TASK-DB-008 | B4: ==Dashboard!C32 -> Feedback schema | C4: ==Dashboard!D32 -> Fathima Hana | D4: ==Dashboard!E32 -> Medium | E4: ==Dashboard!I32 -> TASK-DB-005 | F4: ==Dashboard!F32 -> Not Started | G4: Customer feedback rating collection schema setup | H4: Develop Mongoose schema mapping citizen feedback entries. Add columns for complaint ID link, rating metrics (1 to 5 scale), description feedback, and submission date. Include schema validators verifying feedback matches closed complaint IDs and ratings scale range. | I4: Node.js, MongoDB, Mongoose | J4: mongoose feedback schema, rating verification range, ticket integrity check, constraint validation | K4: docs/04-Database-Architecture/SmartCity_DB_Architecture_v4.0_AI_Extension_Updated.md | L4: Yes | M4: No | N4: ==Dashboard!Q32 -> Support: Adithyan N. Constraints bounds checks
A5: ==Dashboard!A53 -> TASK-BE-013 | B5: ==Dashboard!C53 -> File Tracking APIs | C5: ==Dashboard!D53 -> Muhammad Sanish | D5: ==Dashboard!E53 -> Medium | E5: ==Dashboard!I53 -> TASK-BE-008 | F5: ==Dashboard!F53 -> Not Started | G5: Public tracking progress endpoint lookup | H5: Implement tracking progress lookup endpoints. Return public workflow details, status history timeline, and current assigning department. Suppress admin remarks or security audit notes from being visible in public dashboard views. | I5: Node.js, Express, Mongoose | J5: public tracking api, file status details, workflow tracker controller, privacy mask filter | K5: docs/05-API-Architecture/API_Architecture_DB_Aligned_v1.0.md | L5: Yes | M5: Yes | N5: ==Dashboard!Q53 -> Suppresses internal notes and logs on public view
A6: ==Dashboard!A54 -> TASK-BE-014 | B6: ==Dashboard!C54 -> Feedback APIs | C6: ==Dashboard!D54 -> Muhammad Sanish | D6: ==Dashboard!E54 -> Medium | E6: ==Dashboard!I54 -> TASK-BE-012 | F6: ==Dashboard!F54 -> Not Started | G6: Complaint feedback rating submission and ticket locking controller | H6: Develop feedback rating collection endpoints. Validate if complaint ticket status is Completed before allowing satisfaction ratings (1 to 5) to be submitted. Prevent multiple feedback submissions on the same complaint ID. | I6: Node.js, Express, Mongoose | J6: feedback rating router, compliance status validation, complaints database lock, double rating block | K6: docs/05-API-Architecture/API_Architecture_DB_Aligned_v1.0.md | L6: Yes | M6: No | N6: ==Dashboard!Q54 -> Locks complaints database records on completion
A7: ==Dashboard!A72 -> TASK-FE-012 | B7: ==Dashboard!C72 -> File Tracking UI | C7: ==Dashboard!D72 -> Adithyan N | D7: ==Dashboard!E72 -> Medium | E7: ==Dashboard!I72 -> TASK-FE-008 | F7: ==Dashboard!F72 -> Not Started | G7: Public timeline tracking status lookup bar | H7: Implement File Tracking UI page. Design search tracking number input fields routing search events. Render visual progress timeline components displaying historic departments processing steps, current locations, and signatures. | I7: React, TailwindCSS, CSS Transition | J7: file tracking timeline, search status lookup, processing steps progress, tracking stepper ui | K7: docs/06-UI-Architecture/Frontend_Architecture_Final_Merged_Updated.pdf | L7: Yes | M7: No | N7: ==Dashboard!Q72 -> Visual timeline progress trackers
A8: ==Dashboard!A73 -> TASK-FE-013 | B8: ==Dashboard!C73 -> Feedback UI | C8: ==Dashboard!D73 -> Adithyan N | D8: ==Dashboard!E73 -> Medium | E8: ==Dashboard!I73 -> TASK-FE-011 | F8: ==Dashboard!F73 -> Not Started | G8: Satisfaction ratings component locking solved complaints | H8: Design grievance feedback ratings dashboard card. Create interactive rating stars icons enabling feedback ratings (1 to 5 scale), text feedback fields, and locking features restricting feedback updates on submission. | I8: React, TailwindCSS, React Icons | J8: grievance feedback card, ratings scale component, feedback comment panel, ticket locking UI | K8: docs/06-UI-Architecture/Frontend_Architecture_Final_Merged_Updated.pdf | L8: Yes | M8: No | N8: ==Dashboard!Q73 -> 1-to-5 star feedback rating

Sheet Day 4
A1: Gantt Timeline Plan - Day 4 Schedule & Tasks
A2: Task ID | B2: Task Name | C2: Assigned To | D2: Priority | E2: Dependency | F2: Status | G2: Deliverable | H2: Implementation Description | I2: Suggested Tech Stack | J2: Suggested Prompt Keywords | K2: Reference Documents | L2: Testing Required | M2: Security Check Required | N2: Remarks
A3: ==Dashboard!A33 -> TASK-DB-009 | B3: ==Dashboard!C33 -> Attendance schema | C3: ==Dashboard!D33 -> Fathima Hana | D3: ==Dashboard!E33 -> High | E3: ==Dashboard!I33 -> TASK-DB-001 | F3: ==Dashboard!F33 -> Not Started | G3: Staff attendance punch records logs schema mapping | H3: Create Mongoose schema matching staff attendance logs. Add attributes for employee ID reference, punch in time, punch out time, GPS coordinates, verification type (e.g. Biometric), and user biometric consent flag. Ensure validators checks checkin date formats. | I3: Node.js, MongoDB, Mongoose | J3: mongoose attendance schema, biometric log keys, geolocation validations, consent tracker | K3: docs/04-Database-Architecture/SmartCity_DB_Architecture_v4.0_AI_Extension_Updated.md | L3: Yes | M3: Yes | N3: ==Dashboard!Q33 -> Support: Adithyan N. Biometric template matches parameters
A4: ==Dashboard!A36 -> TASK-DB-012 | B4: ==Dashboard!C36 -> Chatbot session schema | C4: ==Dashboard!D36 -> Fathima Hana | D4: ==Dashboard!E36 -> Medium | E4: ==Dashboard!I36 -> TASK-DB-001 | F4: ==Dashboard!F36 -> Not Started | G4: Chat conversation logs databases tracking structures | H4: Design database schema tracking chatbot conversation histories. Structure fields containing citizen session ID, query message, AI response text, tokens consumed counts, and RAG document source paths array. Set up time-to-live index strategies (TTL) for session records. | I4: Node.js, MongoDB, Mongoose | J4: mongoose chat history model, chatbot session logs, token metric keys, TTL database indexes | K4: docs/04-Database-Architecture/SmartCity_DB_Architecture_v4.0_AI_Extension_Updated.md | L4: Yes | M4: No | N4: ==Dashboard!Q36 -> Support: Adithyan N. Session TTL setup
A5: ==Dashboard!A55 -> TASK-BE-015 | B5: ==Dashboard!C55 -> Attendance APIs | C5: ==Dashboard!D55 -> Muhammad Sanish | D5: ==Dashboard!E55 -> High | E5: ==Dashboard!I55 -> TASK-BE-008 | F5: ==Dashboard!F55 -> Not Started | G5: Attendance punch registers and consent flags lookup endpoints | H5: Write staff attendance log router APIs. Create routes punching staff check-in times and coordinates logs. Gated routes verifying active face validation checks result and explicit user biometric consent flags before updating database records. | I5: Node.js, Express, Mongoose | J5: attendance tracking controller, punch checkin route, biometric consent checker, coordinates validations | K5: docs/05-API-Architecture/API_Architecture_DB_Aligned_v1.0.md | L5: Yes | M5: Yes | N5: ==Dashboard!Q55 -> Validates consent status before scan logic
A6: ==Dashboard!A74 -> TASK-FE-014 | B6: ==Dashboard!C74 -> Staff Dashboard UI | C6: ==Dashboard!D74 -> Adithyan N | D6: ==Dashboard!E74 -> High | E6: ==Dashboard!I74 -> TASK-FE-006 | F6: ==Dashboard!F74 -> Not Started | G6: Kanban view and ticket updates action buttons | H6: Develop the Staff Dashboard workspace panel. Design interactive Kanban board tracking lists categorized by grievance status. Enable task state update buttons, ticket assign selectors, and search filters. | I6: React, TailwindCSS, Kanban Utilities | J6: staff console layout, kanban board workspace, task status column, employee ticket picker | K6: docs/06-UI-Architecture/Frontend_Architecture_Final_Merged_Updated.pdf | L6: Yes | M6: Yes | N6: ==Dashboard!Q74 -> Workspace console for employees
A7: ==Dashboard!A75 -> TASK-FE-015 | B7: ==Dashboard!C75 -> Attendance UI | C7: ==Dashboard!D75 -> Adithyan N | D7: ==Dashboard!E75 -> High | E7: ==Dashboard!I75 -> TASK-FE-014 | F7: ==Dashboard!F75 -> Not Started | G7: Webcam consent prompt and face scan punch window | H7: Build staff biometric attendance punch interface. Design webcam feed console overlaying a scanner guidelines box. Include consent tick flags, punch triggers, geolocation fetching steps, and liveness check indicators. | I7: React, HTML5 Camera API, CSS Canvas | J7: webcam attendance interface, checkin punch layout, biometric consent tick, camera stream box | K7: docs/06-UI-Architecture/Frontend_Architecture_Final_Merged_Updated.pdf | L7: Yes | M7: Yes | N7: ==Dashboard!Q75 -> Liveness prompt overlay layout
A8: ==Dashboard!A76 -> TASK-FE-016 | B8: ==Dashboard!C76 -> Chatbot UI | C8: ==Dashboard!D76 -> Adithyan N | D8: ==Dashboard!E76 -> Medium | E8: ==Dashboard!I76 -> TASK-FE-008 | F8: ==Dashboard!F76 -> Not Started | G8: Conversational chat container overlays widget UI | H8: Create chatbot workspace overlays container layout. Build conversational message thread logs panel, user chat prompt text area, sending indicators, source reference document tags, and clear chat controls. | I8: React, TailwindCSS, Framer Motion | J8: ai chatbot popup, messaging history container, user prompts text, gemini chat panel | K8: docs/06-UI-Architecture/Frontend_Architecture_Final_Merged_Updated.pdf | L8: Yes | M8: No | N8: ==Dashboard!Q76 -> Gemini assistant layout UI
A9: ==Dashboard!A85 -> TASK-AI-001 | B9: ==Dashboard!C85 -> Gemini integration | C9: ==Dashboard!D85 -> Muhammed Sadik KT | D9: ==Dashboard!E85 -> High | E9: ==Dashboard!I85 -> None | F9: ==Dashboard!F85 -> Not Started | G9: Gemini API client connection script with prompt instructions | H9: Integrate Google Gemini API into the AI service layer. Create a dedicated service responsible for receiving prompts, invoking Gemini, and returning formatted responses. Store API keys securely using environment variables. Implement error handling, rate limiting, and response logging. Test responses using sample municipal queries. | I9: Node.js, Google Gemini SDK, Dotenv | J9: gemini api integration, ai service gateway, developer api keys, request parameters check | K9: docs/07-AI-Architecture/AI_Architecture_Final_Submission_Updated.pdf | L9: Yes | M9: Yes | N9: ==Dashboard!Q85 -> RAG context grounding middleware
A10: ==Dashboard!A86 -> TASK-AI-002 | B10: ==Dashboard!C86 -> Prompt engineering | C10: ==Dashboard!D86 -> Muhammed Sadik KT | D10: ==Dashboard!E86 -> Medium | E10: ==Dashboard!I86 -> TASK-AI-001 | F10: ==Dashboard!F86 -> Not Started | G10: System instructions locking AI answers within municipality docs | H10: Write prompt engineering system parameters constraining AI output answers within authorized municipal domains files contents. Construct grounding checks rules preventing hallucinated data entries in chatbot responses. | I10: Google Gemini SDK, Prompt Design | J10: prompt system instructions, gemini grounding prompts, RAG system prompt, prompt templates design | K10: docs/07-AI-Architecture/AI_Architecture_Final_Submission_Updated.pdf | L10: Yes | M10: No | N10: ==Dashboard!Q86 -> Strict grounding bounds
A11: ==Dashboard!A87 -> TASK-AI-003 | B11: ==Dashboard!C87 -> Chatbot API | C11: ==Dashboard!D87 -> Muhammed Sadik KT | D11: ==Dashboard!E87 -> High | E11: ==Dashboard!I87 -> TASK-AI-001 | F11: ==Dashboard!F87 -> Not Started | G11: Express server routing chat session controller endpoints | H11: Develop chatbot backend router Express endpoints. Implement controllers verifying active user context, loading session records, proxying queries to Gemini model, parsing responses, and saving history records in database. | I11: Node.js, Express, Mongoose | J11: chat api endpoint, express session router, chatbot request handlers, conversation log pipeline | K11: docs/07-AI-Architecture/AI_Architecture_Final_Submission_Updated.pdf | L11: Yes | M11: Yes | N11: ==Dashboard!Q87 -> Logs sessions to chatbot DB logs
A12: ==Dashboard!A90 -> TASK-AI-006 | B12: ==Dashboard!C90 -> Face recognition core | C12: ==Dashboard!D90 -> Muhammed Sadik KT | D12: ==Dashboard!E90 -> Critical | E12: ==Dashboard!I90 -> None | F12: ==Dashboard!F90 -> Not Started | G12: Python comparison scripts checking face points similarity | H12: Develop python face comparisons script calculating landmark indices. Load image inputs arrays, extract coordinate landmark parameters, compare distances ratios, and output matching scores metrics. Optimize calculations speeds. | I12: Python, Face Recognition, NumPy | J12: face landmarks extraction, distance matrix score, python image processing, biometric model matching | K12: docs/07-AI-Architecture/AI_Architecture_Final_Submission_Updated.pdf | L12: Yes | M12: Yes | N12: ==Dashboard!Q90 -> Volatile memory calculations
A13: ==Dashboard!A91 -> TASK-AI-007 | B13: ==Dashboard!C91 -> Attendance recognition service | C13: ==Dashboard!D91 -> Muhammed Sadik KT | D13: ==Dashboard!E91 -> High | E13: ==Dashboard!I91 -> TASK-AI-006 | F13: ==Dashboard!F91 -> Not Started | G13: Biometrics validation punch connector API | H13: Build biometrics validation connection service joining Python script outputs with attendance APIs endpoints. Validate matching scores against strict FAR/FRR threshold targets to determine staff verification status. | I13: Node.js, Python Shell, Express Gateway | J13: attendance punch service, python backend shell, biometric threshold config, checkin connector | K13: docs/07-AI-Architecture/AI_Architecture_Final_Submission_Updated.pdf | L13: Yes | M13: Yes | N13: ==Dashboard!Q91 -> Liveness score validation criteria check
A14: ==Dashboard!A94 -> TASK-FR-001 | B14: ==Dashboard!C94 -> Dataset Collection | C14: ==Dashboard!D94 -> Fadi Ahmed | D14: ==Dashboard!E94 -> Medium | E14: ==Dashboard!I94 -> None | F14: ==Dashboard!F94 -> Not Started | G14: Standardized baseline test faces calibration datasets | H14: Assemble calibration test datasets containing face snapshots. Restructure datasets files tracking varying head tilts, diverse lighting parameters, and camera resolution configurations. Ensure no images are added to source control. | I14: Python, File System CLI, Git | J14: calibrate dataset configuration, test image assets, face snapshots array, git exclude rules | K14: docs/07-AI-Architecture/AI_Architecture_Final_Submission_Updated.pdf | L14: Yes | M14: Yes | N14: ==Dashboard!Q94 -> No images checked in repository
A15: ==Dashboard!A95 -> TASK-FR-002 | B15: ==Dashboard!C95 -> Prototype Refinement | C15: ==Dashboard!D95 -> Fadi Ahmed | D15: ==Dashboard!E95 -> High | E15: ==Dashboard!I95 -> TASK-AI-006 | F15: ==Dashboard!F95 -> Not Started | G15: Optimized points extraction models | H15: Refine face recognition core script checking landmarks distance calculations logic. Test script calculations against calibration dataset assets, calibrate thresholds margins, and include basic anti-spoofing tests. | I15: Python, OpenCV, NumPy | J15: refine biometric prototype, face verification thresholds, anti spoof validation, distance calculations | K15: docs/07-AI-Architecture/AI_Architecture_Final_Submission_Updated.pdf | L15: Yes | M15: Yes | N15: ==Dashboard!Q95 -> Anti-spoofing tests calibration
A16: ==Dashboard!A96 -> TASK-FR-003 | B16: ==Dashboard!C96 -> Camera Integration Testing | C16: ==Dashboard!D96 -> Fadi Ahmed | D16: ==Dashboard!E96 -> Medium | E16: ==Dashboard!I96 -> None | F16: ==Dashboard!F96 -> Not Started | G16: HTML5 webcam access scripts checks report | H16: Test browser camera integration across Chrome, Edge, and Firefox. Verify permission requests, webcam initialization, image capture quality, and error handling. Ensure fallback behavior works when camera access is denied. Document issues and report compatibility problems. | I16: HTML5 Camera API, JS Browser Test | J16: webcam browser permissions, camera initialize check, browser support limits, stream errors log | K16: docs/07-AI-Architecture/AI_Architecture_Final_Submission_Updated.pdf | L16: Yes | M16: Yes | N16: ==Dashboard!Q96 -> Confirm permissions logic
A17: ==Dashboard!A100 -> TASK-FR-007 | B17: ==Dashboard!C100 -> Scanner UI Review | C17: ==Dashboard!D100 -> Fadi Ahmed | D17: ==Dashboard!E100 -> Medium | E17: ==Dashboard!I100 -> None | F17: ==Dashboard!F100 -> Not Started | G17: Webcam canvas box layout alignment reviews logs | H17: Review biometric scanner overlay UI box alignment styles. Confirm responsive designs are correctly placed on mobile screen sizes, web feed scaling runs cleanly, and liveness guidelines indicator prompts show clearly. | I17: React, CSS Flexbox, TailwindCSS | J17: biometric overlay layout, camera frame wrapper, mobile webcam responsive, UI layout reviews | K17: docs/06-UI-Architecture/Frontend_Architecture_Final_Merged_Updated.pdf | L17: Yes | M17: No | N17: ==Dashboard!Q100 -> UI responsiveness check
A18: ==Dashboard!A102 -> TASK-FR-009 | B18: ==Dashboard!C102 -> Camera Permission Testing | C18: ==Dashboard!D102 -> Fadi Ahmed | D18: ==Dashboard!E102 -> Medium | E18: ==Dashboard!I102 -> TASK-FR-003 | F18: ==Dashboard!F102 -> Not Started | G18: Verification checklists logging permission locks and denials checks | H18: Verify webcam consent check validation behavior. Verify attendance routes block punch-in requests and output error alerts if user has not ticked the consent checklist options box before starting scans. | I18: Node.js, Express, React state | J18: biometric consent validations, webcam consent check, block scanner logic, consent gate test | K18: docs/03-Security-Architecture/Security_Access_Control_Architecture_Document.md | L18: Yes | M18: Yes | N18: ==Dashboard!Q102 -> Checks fallback options

Sheet Day 5
A1: Gantt Timeline Plan - Day 5 Schedule & Tasks
A2: Task ID | B2: Task Name | C2: Assigned To | D2: Priority | E2: Dependency | F2: Status | G2: Deliverable | H2: Implementation Description | I2: Suggested Tech Stack | J2: Suggested Prompt Keywords | K2: Reference Documents | L2: Testing Required | M2: Security Check Required | N2: Remarks
A3: ==Dashboard!A34 -> TASK-DB-010 | B3: ==Dashboard!C34 -> Notification schema | C3: ==Dashboard!D34 -> Fathima Hana | D3: ==Dashboard!E34 -> Medium | E3: ==Dashboard!I34 -> TASK-DB-001 | F3: ==Dashboard!F34 -> Not Started | G3: System alerts database logging schemas | H3: Build database schemas mapping system notification alerts. Capture information including user ID target reference, notification title, body message text, read status boolean, and dispatch channel (e.g. In-App). Add index strategies optimized for fetching unread messages. | I3: Node.js, MongoDB, Mongoose | J3: mongoose notification schema, read status boolean, user notification indices, query limits | K3: docs/04-Database-Architecture/SmartCity_DB_Architecture_v4.0_AI_Extension_Updated.md | L3: Yes | M3: No | N3: ==Dashboard!Q34 -> Support: Adithyan N. Unread indicators
A4: ==Dashboard!A35 -> TASK-DB-011 | B4: ==Dashboard!C35 -> Audit log schema | C4: ==Dashboard!D35 -> Fathima Hana | D4: ==Dashboard!E35 -> High | E4: ==Dashboard!I35 -> TASK-DB-001 | F4: ==Dashboard!F35 -> Not Started | G4: Append-only transactional events audit logging schema | H4: Create append-only Mongoose schema for transaction events audit logs. Save actions logs containing operator user reference, API endpoint accessed, timestamp, event parameters payload, and client IP addresses. Apply strict pre-save hooks to prevent log updates or deletions. | I4: Node.js, MongoDB, Mongoose | J4: mongoose audit log schema, append only controls, immutable collection hooks, activity log | K4: docs/04-Database-Architecture/SmartCity_DB_Architecture_v4.0_AI_Extension_Updated.md | L4: Yes | M4: Yes | N4: ==Dashboard!Q35 -> Support: Adithyan N. Strict immutability controls
A5: ==Dashboard!A49 -> TASK-BE-009 | B5: ==Dashboard!C49 -> Audit logging | C5: ==Dashboard!D49 -> Muhammad Sanish | D5: ==Dashboard!E49 -> High | E5: ==Dashboard!I49 -> TASK-BE-002 | F5: ==Dashboard!F49 -> Not Started | G5: Transactional logging controller mapping security events | H5: Write audit logging transaction controller monitoring critical route access. Hook action filters recording user ID, action method, target endpoint path, metadata, and timestamp details. Save records to audit_logs database collection. | I5: Node.js, Express, MongoDB | J5: database audit log, backend logger middleware, write transaction logs, security track | K5: docs/05-API-Architecture/API_Architecture_DB_Aligned_v1.0.md | L5: Yes | M5: Yes | N5: ==Dashboard!Q49 -> Writes directly to audit_logs collection
A6: ==Dashboard!A56 -> TASK-BE-016 | B6: ==Dashboard!C56 -> Admin APIs | C6: ==Dashboard!D56 -> Muhammad Sanish | D6: ==Dashboard!E56 -> High | E6: ==Dashboard!I56 -> TASK-BE-008 | F6: ==Dashboard!F56 -> Not Started | G6: System configurations and user details updates controls APIs | H6: Develop administrative configuration panel routes. Create endpoints modifying SLA ranges, managing departments list, allocating roles, and updating system configurations. Restrict access strictly to verified Admin credentials. | I6: Node.js, Express, RBAC | J6: admin configuration routes, SLA settings update, database config variables, role allocation panel | K6: docs/05-API-Architecture/API_Architecture_DB_Aligned_v1.0.md | L6: Yes | M6: Yes | N6: ==Dashboard!Q56 -> Enforces strict Admin role checks
A7: ==Dashboard!A57 -> TASK-BE-017 | B7: ==Dashboard!C57 -> Notification APIs | C7: ==Dashboard!D57 -> Muhammad Sanish | D7: ==Dashboard!E57 -> Medium | E7: ==Dashboard!I57 -> TASK-BE-001 | F7: ==Dashboard!F57 -> Not Started | G7: Trigger notification records and dispatch to DB logs | H7: Deploy notification APIs enabling alert registration and alerts querying. Support creation of notifications records, dispatching unread updates alerts to targeted user dashboards, and updating read status on reading events. | I7: Node.js, Express, Mongoose | J7: notification alert router, user notification logs, alerts read status, in-app notification | K7: docs/05-API-Architecture/API_Architecture_DB_Aligned_v1.0.md | L7: Yes | M7: No | N7: ==Dashboard!Q57 -> System alert logs generation
A8: ==Dashboard!A60 -> TASK-BE-020 | B8: ==Dashboard!C60 -> API documentation | C8: ==Dashboard!D60 -> Muhammad Sanish | D8: ==Dashboard!E60 -> Medium | E8: ==Dashboard!I60 -> TASK-BE-001 | F8: ==Dashboard!F60 -> Not Started | G8: Swagger/OpenAPI backend routing contracts layout | H8: Create API documentation pages using Swagger UI or OpenAPI specs. Write descriptive request bodies, response models, validation error formats, and required auth tokens scopes descriptions. Expose doc pages at /api-docs endpoint. | I8: Node.js, Express, Swagger, OpenAPI | J8: swagger ui integration, openapi schema files, api endpoints docs, backend router spec | K8: docs/05-API-Architecture/API_Architecture_DB_Aligned_v1.0.md | L8: Yes | M8: No | N8: ==Dashboard!Q60 -> Complete document of schema request bodies
A9: ==Dashboard!A77 -> TASK-FE-017 | B9: ==Dashboard!C77 -> Admin Dashboard UI | C9: ==Dashboard!D77 -> Adithyan N | D9: ==Dashboard!E77 -> High | E9: ==Dashboard!I77 -> TASK-FE-006 | F9: ==Dashboard!F77 -> Not Started | G9: User lists management, SLAs settings, and parameters tables | H9: Develop Admin Dashboard settings panels views. Support parameters data tables configuration, SLA threshold sliders controls, user roles list manager, department creation, and configuration values update fields. | I9: React, TailwindCSS, SLA Controller | J9: admin configuration panel, sla thresholds slider, user roles list, departments manager table | K9: docs/06-UI-Architecture/Frontend_Architecture_Final_Merged_Updated.pdf | L9: Yes | M9: Yes | N9: ==Dashboard!Q77 -> SLA thresholds controller views
A10: ==Dashboard!A78 -> TASK-FE-018 | B10: ==Dashboard!C78 -> Notifications UI | C10: ==Dashboard!D78 -> Adithyan N | D10: ==Dashboard!E78 -> Medium | E10: ==Dashboard!I78 -> TASK-FE-008 | F10: ==Dashboard!F78 -> Not Started | G10: Alert toasts lists dropdown console UI | H10: Build real-time notification alert toasts overlays elements. Create message logs dropdown panels in top navigation menus displaying unread alert summaries. Integrate marked read action triggers. | I10: React, TailwindCSS, Portal hooks | J10: notification toast popup, header dropdown console, alerts log template, notification status toggle | K10: docs/06-UI-Architecture/Frontend_Architecture_Final_Merged_Updated.pdf | L10: Yes | M10: No | N10: ==Dashboard!Q78 -> Toast popups integrations
A11: ==Dashboard!A81 -> TASK-FE-021 | B11: ==Dashboard!C81 -> Frontend API integration | C11: ==Dashboard!D81 -> Adithyan N | D11: ==Dashboard!E81 -> High | E11: ==Dashboard!I81 -> TASK-FE-008 | F11: ==Dashboard!F81 -> Not Started | G11: Connect React layouts to Express server routes API endpoints | H11: Map and connect frontend services controllers to backend Express routes endpoints. Connect logins processes, complaint forms submittals, trackers query routing, and chat stream endpoints. Verify payloads data mapping. | I11: React, Axios, REST API Integration | J11: integrate api connections, react page request, backend endpoint mapping, rest query controller | K11: docs/06-UI-Architecture/Frontend_Architecture_Final_Merged_Updated.pdf | L11: Yes | M11: Yes | N11: ==Dashboard!Q81 -> Integration mapping verified
A12: ==Dashboard!A88 -> TASK-AI-004 | B12: ==Dashboard!C88 -> OCR service | C12: ==Dashboard!D88 -> Muhammed Sadik KT | D12: ==Dashboard!E88 -> Medium | E12: ==Dashboard!I88 -> None | F12: ==Dashboard!F88 -> Not Started | G12: PDF/image character recognition text extractor service | H12: Deploy document processing OCR services parsing attached files. Extract textual data from pdf documents or images formats. Configure secure sandbox processes settings running file parsing tasks safely. | I12: Node.js, Tesseract.js / Cloud Vision API, Sandbox | J12: ocr text scanner, text parser service, pdf parsing wrapper, document text search | K12: docs/07-AI-Architecture/AI_Architecture_Final_Submission_Updated.pdf | L12: Yes | M12: Yes | N12: ==Dashboard!Q88 -> Sandbox process execution setup
A13: ==Dashboard!A89 -> TASK-AI-005 | B13: ==Dashboard!C89 -> OCR validation | C13: ==Dashboard!D89 -> Muhammed Sadik KT | D13: ==Dashboard!E89 -> Medium | E13: ==Dashboard!I89 -> TASK-AI-004 | F13: ==Dashboard!F89 -> Not Started | G13: Extracted texts checks validating document details matching | H13: Create text checks validating parser outputs correctness. Verify parsed tax receipts, property licenses or application documents data patterns match registration credentials. Design matching tolerance check algorithms. | I13: Node.js, Regex Data Extraction | J13: document validation algorithm, regex pattern matching, parsed metadata check, content validation | K13: docs/07-AI-Architecture/AI_Architecture_Final_Submission_Updated.pdf | L13: Yes | M13: Yes | N13: ==Dashboard!Q89 -> Verify metadata matching limits
A14: ==Dashboard!A92 -> TASK-AI-008 | B14: ==Dashboard!C92 -> AI testing | C14: ==Dashboard!D92 -> Muhammed Sadik KT | D14: ==Dashboard!E92 -> Medium | E14: ==Dashboard!I92 -> TASK-AI-007 | F14: ==Dashboard!F92 -> Not Started | G14: Biometrics matching FAR/FRR testing checklist documentation | H14: Conduct accuracy check runs for face verification engines. Document False Acceptance Rate (FAR) and False Rejection Rate (FRR) levels details under varying webcam light conditions. Generate accuracy analysis checklists. | I14: Python, Quality Audit Scripts | J14: far frr analysis, camera light test, biometric accuracy audit, validation summary log | K14: docs/07-AI-Architecture/AI_Architecture_Final_Submission_Updated.pdf | L14: Yes | M14: Yes | N14: ==Dashboard!Q92 -> Checks accuracy scales
A15: ==Dashboard!A93 -> TASK-AI-009 | B15: ==Dashboard!C93 -> Response optimization | C15: ==Dashboard!D93 -> Muhammed Sadik KT | D15: ==Dashboard!E93 -> Medium | E15: ==Dashboard!I93 -> TASK-AI-002 | F15: ==Dashboard!F93 -> Not Started | G15: Fine-tuned prompt parameters shortening delay intervals | H15: Optimize Gemini model prompt settings reducing latency responses intervals. Refine context sizes, reduce document chunks payload lengths, and configure prompt caching options to speed up chatbot loading times. | I15: Google Gemini API, RAG Pipeline Tuning | J15: chatbot response speed, context token caching, prompt length optimization, response latency reduction | K15: docs/07-AI-Architecture/AI_Architecture_Final_Submission_Updated.pdf | L15: Yes | M15: No | N15: ==Dashboard!Q93 -> RAG search optimizations
A16: ==Dashboard!A97 -> TASK-FR-004 | B16: ==Dashboard!C97 -> Attendance Workflow Testing | C16: ==Dashboard!D97 -> Fadi Ahmed | D16: ==Dashboard!E97 -> High | E16: ==Dashboard!I97 -> TASK-FR-003 | F16: ==Dashboard!F97 -> Not Started | G16: Verify biometric punch registration triggers checkin updates | H16: Verify the biometrics attendance workflow logic connection. Confirm webcam snapshot events trigger coordinates fetching sequences, pass payload details to Python shell scripts, and record success checkins in database. | I16: Node.js, Express, Python Integration | J16: biometric checkin verify, camera punch test, workflow integration check, attendance logger | K16: docs/07-AI-Architecture/AI_Architecture_Final_Submission_Updated.pdf | L16: Yes | M16: Yes | N16: ==Dashboard!Q97 -> Strict consent checker gating attendance validation
A17: ==Dashboard!A98 -> TASK-FR-005 | B17: ==Dashboard!C98 -> Recognition Accuracy Testing | C17: ==Dashboard!D98 -> Fadi Ahmed | D17: ==Dashboard!E98 -> High | E17: ==Dashboard!I98 -> TASK-FR-002 | F17: ==Dashboard!F98 -> Not Started | G17: FAR and FRR metrics check data log summary | H17: Test biometric validation engine resistance against spoof attacks. Verify verification logs reject printed face photos, mock video feeds, and digital face captures. Document FAR metrics under attack conditions. | I17: Python, Biometric Audit Tools | J17: spoofing attack tests, print photo reject, biometric vulnerability check, validation thresholds log | K17: docs/07-AI-Architecture/AI_Architecture_Final_Submission_Updated.pdf | L17: Yes | M17: Yes | N17: ==Dashboard!Q98 -> Audits against spoof attacks
A18: ==Dashboard!A105 -> TASK-QA-003 | B18: ==Dashboard!C105 -> UAT preparation | C18: ==Dashboard!D105 -> Minha Palakkathodi | D18: ==Dashboard!E105 -> High | E18: ==Dashboard!I105 -> None | F18: ==Dashboard!F105 -> Not Started | G18: User acceptance testing checklist layout schemas | H18: Design User Acceptance Testing (UAT) checklists sheets. Structure validation fields verifying citizen dashboard features, staff portal Kanban controls, admin parameter sliders, and chatbot conversation accuracy. | I18: Excel Workbooks, Markdown | J18: uat checklist templates, user acceptance verification, dashboard validation logs, client signup signoff | K18: docs/01-SRS/SRS_AI_Powered_Municipality_Management_Portal_Updated.docx | L18: No | M18: No | N18: ==Dashboard!Q105 -> Acceptance checklist templates

Sheet Day 6
A1: Gantt Timeline Plan - Day 6 Schedule & Tasks
A2: Task ID | B2: Task Name | C2: Assigned To | D2: Priority | E2: Dependency | F2: Status | G2: Deliverable | H2: Implementation Description | I2: Suggested Tech Stack | J2: Suggested Prompt Keywords | K2: Reference Documents | L2: Testing Required | M2: Security Check Required | N2: Remarks
A3: ==Dashboard!A40 -> TASK-DB-016 | B3: ==Dashboard!C40 -> Query optimization | C3: ==Dashboard!D40 -> Fathima Hana | D3: ==Dashboard!E40 -> Medium | E3: ==Dashboard!I40 -> TASK-DB-013 | F3: ==Dashboard!F40 -> Not Started | G3: Explain query plans validation analysis records | H3: Optimize database queries through Mongoose models tuning. Conduct explain query plans check on major dashboard routes. Confirm queries avoid collection scanning by using covered index keys. Restructure aggregation pipelines to speed up dashboard calculations. | I3: MongoDB, Mongoose Optimizer CLI | J3: explain collection scan checks, covered query matching, aggregation pipeline tuning, indexes debug | K3: docs/04-Database-Architecture/SmartCity_DB_Architecture_v4.0_AI_Extension_Updated.md | L3: Yes | M3: No | N3: ==Dashboard!Q40 -> Support: Adithyan N. Optimizing pipeline matches
A4: ==Dashboard!A80 -> TASK-FE-020 | B4: ==Dashboard!C80 -> Responsive fixes | C4: ==Dashboard!D80 -> Adithyan N | D4: ==Dashboard!E80 -> Medium | E4: ==Dashboard!I80 -> TASK-FE-004 | F4: ==Dashboard!F80 -> Not Started | G4: Media queries tweaks on mobile viewports | H4: Apply layout fixes addressing responsiveness issues on mobile views. Audit fluid grids designs, flex configurations, image parameters, and responsive breakpoints adjustments. Test sidebar layouts collapsed rules. | I4: CSS, Flexbox, Tailwind Media Queries | J4: mobile responsive debugging, responsive flex settings, mobile navigation menu, layout breaks | K4: docs/06-UI-Architecture/Frontend_Architecture_Final_Merged_Updated.pdf | L4: Yes | M4: No | N4: ==Dashboard!Q80 -> Fluid grids testing
A5: ==Dashboard!A99 -> TASK-FR-006 | B5: ==Dashboard!C99 -> Cross-Browser Camera Testing | C5: ==Dashboard!D99 -> Fadi Ahmed | D5: ==Dashboard!E99 -> Medium | E5: ==Dashboard!I99 -> TASK-FR-003 | F5: ==Dashboard!F99 -> Not Started | G5: Camera compatibility verification checks results log | H5: Validate webcam permissions and feed loading functions across Safari, Chrome, Firefox, and Edge. Audit camera initialization exceptions, verify fallbacks setups, and save cross-browser checks logs. | I5: Browser DevTools, JavaScript API | J5: cross browser camera, webcam compatibility table, browser camera exception, permission test log | K5: docs/07-AI-Architecture/AI_Architecture_Final_Submission_Updated.pdf | L5: Yes | M5: Yes | N5: ==Dashboard!Q99 -> Webcam permissions tests on Safari/Firefox/Chrome
A6: ==Dashboard!A101 -> TASK-FR-008 | B6: ==Dashboard!C101 -> System Integration Testing | C6: ==Dashboard!D101 -> Fadi Ahmed | D6: ==Dashboard!E101 -> High | E6: ==Dashboard!I101 -> TASK-FR-004 | F6: ==Dashboard!F101 -> Not Started | G6: End to end biometrics validations verification logs | H6: Run end-to-end integration tests on biometrics attendance routes. Verify verification punches trigger updates across admin config panels, update dashboard summaries, and log transaction details in audit collections. | I6: Node.js, Express, E2E Test Suite | J6: biometric end to end, attendance integration audit, transaction updates validation, db updates trace | K6: docs/07-AI-Architecture/AI_Architecture_Final_Submission_Updated.pdf | L6: Yes | M6: Yes | N6: ==Dashboard!Q101 -> Gating RBAC reviews verified
A7: ==Dashboard!A108 -> TASK-QA-006 | B7: ==Dashboard!C108 -> QA reports | C7: ==Dashboard!D108 -> Minha Palakkathodi | D7: ==Dashboard!E108 -> Medium | E7: ==Dashboard!I108 -> None | F7: ==Dashboard!F108 -> Not Started | G7: System QA test validation results report | H7: Synthesize QA test results summaries. Detail total test scenarios ran, report overall success rates metrics, document unresolved bug registries, and write the quality assurance results checklist reports. | I7: Markdown, Excel Graphs | J7: qa results dashboard, test pass statistics, open bug tracker, test signoff document | K7: docs/01-SRS/SRS_AI_Powered_Municipality_Management_Portal_Updated.docx | L7: No | M7: No | N7: ==Dashboard!Q108 -> Test pass metrics logs summary
A8: ==Dashboard!A109 -> TASK-QA-007 | B8: ==Dashboard!C109 -> Bug verification | C8: ==Dashboard!D109 -> Minha Palakkathodi | D8: ==Dashboard!E109 -> High | E8: ==Dashboard!I109 -> None | F8: ==Dashboard!F109 -> Not Started | G8: QA verified bug tracker status validation logs | H8: Confirm developer bug corrections details. Test Axios interceptors retry behaviors under expired tokens conditions, verify geo constraints on complaint submissions, check prompt bounds on chatbots, and update bug status tags. | I8: Postman, Axios Debugger, Git | J8: verify bug fix, query parameters debug, token retry loop, verify status update | K8: docs/01-SRS/SRS_AI_Powered_Municipality_Management_Portal_Updated.docx | L8: No | M8: No | N8: ==Dashboard!Q109 -> Verify fix statuses

Sheet Day 7
A1: Gantt Timeline Plan - Day 7 Schedule & Tasks
A2: Task ID | B2: Task Name | C2: Assigned To | D2: Priority | E2: Dependency | F2: Status | G2: Deliverable | H2: Implementation Description | I2: Suggested Tech Stack | J2: Suggested Prompt Keywords | K2: Reference Documents | L2: Testing Required | M2: Security Check Required | N2: Remarks
A3: ==Dashboard!A24 -> TASK-INF-009 | B3: ==Dashboard!C24 -> Deployment preparation | C3: ==Dashboard!D24 -> Adithyan N + Muhammad Sanish | D3: ==Dashboard!E24 -> Medium | E3: ==Dashboard!I24 -> None | F3: ==Dashboard!F24 -> Not Started | G3: Render/Vercel MVP launch readiness report | H3: Prepare the deployment pipelines and configuration documents for the MVP launch. Check hosting prerequisites for Render web services and Vercel client deployment. Generate CORS policy guidelines to prevent cross-origin errors in staging. Verify build dependencies and create the final launch report. | I3: Render, Vercel, CORS Configuration | J3: production deploy checklist, hosting environments config, CORS restrictions rules, launch plan | K3: docs/02-System-Architecture/MASTER_ARCHITECTURE_v1.md | L3: Yes | M3: Yes | N3: ==Dashboard!Q24 -> Production CORS policies configured
A4: ==Dashboard!A84 -> TASK-FE-024 | B4: ==Dashboard!C84 -> Final UI testing | C4: ==Dashboard!D84 -> Adithyan N | D4: ==Dashboard!E84 -> High | E4: ==Dashboard!I84 -> TASK-FE-021 | F4: ==Dashboard!F84 -> Not Started | G4: E2E visual verification and usability test runs report | H4: Conduct final user interface tests runs check. Perform compatibility checks on desktop and mobile web layout styles, test user flow actions sequences, verify accessibility elements, and generate frontend testing sign-off logs. | I4: React, DevTools, Usability Audit CLI | J4: user interface testing, mobile viewport simulation, client navigation checks, final design audit | K4: docs/06-UI-Architecture/Frontend_Architecture_Final_Merged_Updated.pdf | L4: Yes | M4: No | N4: ==Dashboard!Q84 -> UX verification pass signoff
A5: ==Dashboard!A106 -> TASK-QA-004 | B5: ==Dashboard!C106 -> Documentation review | C5: ==Dashboard!D106 -> Minha Palakkathodi | D5: ==Dashboard!E106 -> Medium | E5: ==Dashboard!I106 -> None | F5: ==Dashboard!F106 -> Not Started | G5: Verification and correction checklists for all docs | H5: Review and compile project documents package. Check structure mappings, audit pending files registries, confirm version logs consistency, and prepare the implementation-readiness compliance reports summaries. | I5: Markdown, Document Tools | J5: project documents compile, architecture review, compliance check report, version audit logs | K5: docs/01-SRS/SRS_AI_Powered_Municipality_Management_Portal_Updated.docx | L5: No | M5: No | N5: ==Dashboard!Q106 -> Checks repository documents integrity
A6: ==Dashboard!A107 -> TASK-QA-005 | B6: ==Dashboard!C107 -> Security checklist review | C6: ==Dashboard!D107 -> Minha Palakkathodi | D6: ==Dashboard!E107 -> High | E6: ==Dashboard!I107 -> None | F6: ==Dashboard!F107 -> Not Started | G6: Security validation gates signed reports | H6: Execute security checklist verification audits. Check configurations ensuring no plaintext variables are committed in source code, review password hashes logic settings, check JWT configurations, and compile signed safety report. | I6: Markdown, Security Review Tools | J6: security check audit, password hashing config, jwt validation gate, signoff compliance tracker | K6: docs/03-Security-Architecture/Security_Access_Control_Architecture_Document.md | L6: No | M6: No | N6: ==Dashboard!Q107 -> Checks details audits validation
A7: ==Dashboard!A110 -> TASK-QA-008 | B7: ==Dashboard!C110 -> Final documentation | C7: ==Dashboard!D110 -> Minha Palakkathodi | D7: ==Dashboard!E110 -> High | E7: ==Dashboard!I110 -> None | F7: ==Dashboard!F110 -> Not Started | G7: Consolidated developer documentation package | H7: Format developer deployment documentation guidelines. Detail backend hosting settings, database server coordinates, database users privileges profiles, and create repository navigation maps for developers. | I7: Markdown, Documentation CLI | J7: developer setup instructions, backend deploy guide, database settings doc, folder structures map | K7: docs/01-SRS/SRS_AI_Powered_Municipality_Management_Portal_Updated.docx | L7: No | M7: No | N7: ==Dashboard!Q110 -> Complete architecture references
A8: ==Dashboard!A111 -> TASK-QA-009 | B8: ==Dashboard!C111 -> Handover documentation | C8: ==Dashboard!D111 -> Minha Palakkathodi | D8: ==Dashboard!E111 -> High | E8: ==Dashboard!I111 -> TASK-QA-008 | F8: ==Dashboard!F111 -> Not Started | G8: Municipality handover procedures manuals checklist | H8: Prepare the official municipality handoff procedures manuals. Detail roles credentials, system handover items logs, administration credentials rotation steps, and administrative contact channels guides sheets. | I8: Markdown, Handover Packages | J8: municipality handoff guide, credential keys rotation, administrator logins audit, handover manuals template | K8: docs/09-Handover-Documents/ARCHITECTURE_FREEZE_v1.md | L8: No | M8: No | N8: ==Dashboard!Q111 -> Log logins and operational keys handover structures

Sheet Backend Tasks
A1: Backend Tasks (Module Lead: Muhammad Sanish) - Note: Team members must update the 'Last Updated' field whenever a task status changes.
A2: Task ID | B2: Task Name | C2: Assigned To | D2: Priority | E2: Status | F2: Due Day | G2: Dependency | H2: Deliverable | I2: Implementation Description | J2: Suggested Tech Stack | K2: Suggested Prompt Keywords | L2: Reference Documents | M2: Testing Status | N2: Remarks | O2: Last Updated
A3: ==Dashboard!A41 -> TASK-BE-001 | B3: ==Dashboard!C41 -> Express setup | C3: ==Dashboard!D41 -> Muhammad Sanish | D3: ==Dashboard!E41 -> Critical | E3: ==Dashboard!F41 -> Not Started | F3: ==Dashboard!H41 -> Day 1 | G3: ==Dashboard!I41 -> TASK-INF-005 | H3: Express server layout initialized with Helmet and CORS settings | I3: Scaffold and initialize Express.js web server inside the backend folder. Apply secure default middleware using Helmet, standard CORS origins controls rules, and JSON request parsers. Configure logs outputs and error handling hooks. Verify server responds successfully. | J3: Node.js, Express.js, Helmet, CORS | K3: express scaffold setup, helmet secure middleware, CORS restrictions setup, routing base config | L3: docs/05-API-Architecture/API_Architecture_DB_Aligned_v1.0.md | M3: ==Dashboard!O41 -> Pending | N3: ==Dashboard!Q41 -> Security middleware active | O3: 46192
A4: ==Dashboard!A42 -> TASK-BE-002 | B4: ==Dashboard!C42 -> MongoDB connection | C4: ==Dashboard!D42 -> Muhammad Sanish | D4: ==Dashboard!E42 -> Critical | E4: ==Dashboard!F42 -> Not Started | F4: ==Dashboard!H42 -> Day 1 | G4: ==Dashboard!I42 -> TASK-INF-004 | H4: Mongoose database connector with auto-retry logics | I4: Code the Mongoose connection adapter script with auto-retry logics. Build robust error connection hooks reporting database disconnection, connection failure, or credential limits alerts. Establish connection pool size controls to limit database loads. | J4: Node.js, Mongoose, MongoDB Atlas | K4: mongoose connection adapter, auto reconnect loop, db credentials hook, collection pool size | L4: docs/05-API-Architecture/API_Architecture_DB_Aligned_v1.0.md | M4: ==Dashboard!O42 -> Pending | N4: ==Dashboard!Q42 -> Connection pool set to 10 connections max | O4: 46192
A5: ==Dashboard!A43 -> TASK-BE-003 | B5: ==Dashboard!C43 -> Environment configuration | C5: ==Dashboard!D43 -> Muhammad Sanish | D5: ==Dashboard!E43 -> High | E5: ==Dashboard!F43 -> Not Started | F5: ==Dashboard!H43 -> Day 1 | G5: ==Dashboard!I43 -> TASK-INF-005 | H5: Dotenv loader checking and validating essential keys | I5: Write environment configuration loader module validating environment keys on startup. Verify the existence of required properties like MONGO_URI, JWT_SECRET, and PORT. Raise startup crash exceptions if mandatory keys are missing in the configuration. | J5: Node.js, Config Validation | K5: environment variable checks, schema parser config, error crash loop, bootstrap validation | L5: docs/05-API-Architecture/API_Architecture_DB_Aligned_v1.0.md | M5: ==Dashboard!O43 -> Pending | N5: ==Dashboard!Q43 -> Throws startup error on missing keys | O5: 46192
A6: ==Dashboard!A44 -> TASK-BE-004 | B6: ==Dashboard!C44 -> Authentication APIs | C6: ==Dashboard!D44 -> Muhammad Sanish | D6: ==Dashboard!E44 -> Critical | E6: ==Dashboard!F44 -> Not Started | F6: ==Dashboard!H44 -> Day 2 | G6: ==Dashboard!I44 -> TASK-BE-001 | H6: Login and signup backend API router endpoints | I6: Build secure authentication APIs for user registration and user login in Express.js. Retrieve payload fields, execute validations check, and hash passwords using bcrypt algorithm (rounds >= 10). Return success or structured failure code payload. | J6: Node.js, Express, Bcrypt | K6: user registration api, express login route, bcrypt hashing config, user models lookup | L6: docs/05-API-Architecture/API_Architecture_DB_Aligned_v1.0.md | M6: ==Dashboard!O44 -> Pending | N6: ==Dashboard!Q44 -> Bcrypt salt rounds configured | O6: 46192
A7: ==Dashboard!A45 -> TASK-BE-005 | B7: ==Dashboard!C45 -> JWT implementation | C7: ==Dashboard!D45 -> Muhammad Sanish | D7: ==Dashboard!E45 -> Critical | E7: ==Dashboard!F45 -> Not Started | F7: ==Dashboard!H45 -> Day 2 | G7: ==Dashboard!I45 -> TASK-BE-004 | H7: Access token issuance logic mapped to JWT key payload | I7: Implement JWT token creation logic on successful logins. Generate signature payloads containing user ID, role, name, and department reference details. Define short access token expiration limits (e.g. 15 mins). Set up token verification helper middleware. | J7: Node.js, Express, JWT | K7: jwt signature token, token payload mapping, token expiry check, signature validation | L7: docs/05-API-Architecture/API_Architecture_DB_Aligned_v1.0.md | M7: ==Dashboard!O45 -> Pending | N7: ==Dashboard!Q45 -> Token expires in 15 mins | O7: 46192
A8: ==Dashboard!A46 -> TASK-BE-006 | B8: ==Dashboard!C46 -> Refresh token API | C8: ==Dashboard!D46 -> Muhammad Sanish | D8: ==Dashboard!E46 -> High | E8: ==Dashboard!F46 -> Not Started | F8: ==Dashboard!H46 -> Day 2 | G8: ==Dashboard!I46 -> TASK-BE-005 | H8: Rotating refresh token endpoints validations | I8: Create secure refresh token APIs supporting token rotation schemes. Maintain active refresh tokens in a cookie transport with HTTPOnly, Secure, and SameSite tags. Verify token validation and rotate credentials on access token renewal requests. | J8: Node.js, Express, JWT, Cookie Parser | K8: refresh token api, secure cookie transport, token rotation logic, session refresh route | L8: docs/05-API-Architecture/API_Architecture_DB_Aligned_v1.0.md | M8: ==Dashboard!O46 -> Pending | N8: ==Dashboard!Q46 -> Secure cookie transport tags configuration | O8: 46192
A9: ==Dashboard!A47 -> TASK-BE-007 | B9: ==Dashboard!C47 -> Logout API | C9: ==Dashboard!D47 -> Muhammad Sanish | D9: ==Dashboard!E47 -> Medium | E9: ==Dashboard!F47 -> Not Started | F9: ==Dashboard!H47 -> Day 2 | G9: ==Dashboard!I47 -> TASK-BE-005 | H9: Token cleanup and session revocation middleware endpoints | I9: Write session logout controller revoke endpoint. Remove client refresh token credentials, delete session tracking documents, and clear token transport cookie fields. Confirm user cannot refresh validation tokens after logging out. | J9: Node.js, Express, Cookie Manager | K9: logout controller api, token cookie clearing, session delete route, express cookie clear | L9: docs/05-API-Architecture/API_Architecture_DB_Aligned_v1.0.md | M9: ==Dashboard!O47 -> Pending | N9: ==Dashboard!Q47 -> Revokes active refresh session | O9: 46192
A10: ==Dashboard!A48 -> TASK-BE-008 | B10: ==Dashboard!C48 -> RBAC middleware | C10: ==Dashboard!D48 -> Muhammad Sanish | D10: ==Dashboard!E48 -> Critical | E10: ==Dashboard!F48 -> Not Started | F10: ==Dashboard!H48 -> Day 1 | G10: ==Dashboard!I48 -> TASK-BE-005 | H10: Gated endpoint middleware evaluating token permissions | I10: Build role-based access control (RBAC) middleware gating backend API endpoints. Match user role from JWT validation payload against resource paths permissions registry. Block unauthorized queries with JSON format access denied errors (403 Status). | J10: Node.js, Express, RBAC Logic | K10: rbac validation middleware, endpoint permission check, resource authorization, jwt token mapping | L10: docs/05-API-Architecture/API_Architecture_DB_Aligned_v1.0.md | M10: ==Dashboard!O48 -> Pending | N10: ==Dashboard!Q48 -> Role sets validation checks | O10: 46192
A11: ==Dashboard!A49 -> TASK-BE-009 | B11: ==Dashboard!C49 -> Audit logging | C11: ==Dashboard!D49 -> Muhammad Sanish | D11: ==Dashboard!E49 -> High | E11: ==Dashboard!F49 -> Not Started | F11: ==Dashboard!H49 -> Day 5 | G11: ==Dashboard!I49 -> TASK-BE-002 | H11: Transactional logging controller mapping security events | I11: Write audit logging transaction controller monitoring critical route access. Hook action filters recording user ID, action method, target endpoint path, metadata, and timestamp details. Save records to audit_logs database collection. | J11: Node.js, Express, MongoDB | K11: database audit log, backend logger middleware, write transaction logs, security track | L11: docs/05-API-Architecture/API_Architecture_DB_Aligned_v1.0.md | M11: ==Dashboard!O49 -> Pending | N11: ==Dashboard!Q49 -> Writes directly to audit_logs collection | O11: 46192
A12: ==Dashboard!A50 -> TASK-BE-010 | B12: ==Dashboard!C50 -> Error middleware | C12: ==Dashboard!D50 -> Muhammad Sanish | D12: ==Dashboard!E50 -> Medium | E12: ==Dashboard!F50 -> Not Started | F12: ==Dashboard!H50 -> Day 1 | G12: ==Dashboard!I50 -> TASK-BE-001 | H12: Centralized Express error handlers parsing exceptions | I12: Create centralized Express error processing middleware to catch runtime exceptions. Restructure errors outputting uniform JSON schemas containing custom messages and status codes. Mask inner diagnostics stack details on production environments. | J12: Node.js, Express Middleware | K12: express error middleware, centralized error formats, stack trace mask, custom exception mapper | L12: docs/05-API-Architecture/API_Architecture_DB_Aligned_v1.0.md | M12: ==Dashboard!O50 -> Pending | N12: ==Dashboard!Q50 -> Redacts stack traces in production environment | O12: 46192
A13: ==Dashboard!A51 -> TASK-BE-011 | B13: ==Dashboard!C51 -> Validation middleware | C13: ==Dashboard!D51 -> Muhammad Sanish | D13: ==Dashboard!E51 -> High | E13: ==Dashboard!F51 -> Not Started | F13: ==Dashboard!H51 -> Day 1 | G13: ==Dashboard!I51 -> TASK-BE-001 | H13: Body/params query schemas validator middlewares | I13: Deploy payload format validation middleware using Express validation libraries (e.g. Joi, Zod). Build input schemas checking parameter data styles for logins, registrations, and complaints creation. Strip out unrecognized fields. | J13: Node.js, Express, Joi/Zod | K13: request body validation, request schema filters, middleware request parser, input filter | L13: docs/05-API-Architecture/API_Architecture_DB_Aligned_v1.0.md | M13: ==Dashboard!O51 -> Pending | N13: ==Dashboard!Q51 -> Strips unauthorized fields | O13: 46192
A14: ==Dashboard!A52 -> TASK-BE-012 | B14: ==Dashboard!C52 -> Complaint APIs | C14: ==Dashboard!D52 -> Muhammad Sanish | D14: ==Dashboard!E52 -> High | E14: ==Dashboard!F52 -> Not Started | F14: ==Dashboard!H52 -> Day 2 | G14: ==Dashboard!I52 -> TASK-BE-008 | H14: Create, update, assign, and query complaints APIs | I14: Build grievance complaint CRUD endpoints. Code controllers validating citizen login context, storing geographic coordinates, attachment references, and routing ticket assign processes. Enforce resource ownership checks during update operations. | J14: Node.js, Express, Mongoose | K14: complaint endpoints crud, coordinates geo parsing, file upload paths, updates validation | L14: docs/05-API-Architecture/API_Architecture_DB_Aligned_v1.0.md | M14: ==Dashboard!O52 -> Pending | N14: ==Dashboard!Q52 -> Resource ownership validations active | O14: 46192
... A22: ==Dashboard!A60 -> TASK-BE-020 | B22: ==Dashboard!C60 -> API documentation | C22: ==Dashboard!D60 -> Muhammad Sanish | D22: ==Dashboard!E60 -> Medium | E22: ==Dashboard!F60 -> Not Started | F22: ==Dashboard!H60 -> Day 5 | G22: ==Dashboard!I60 -> TASK-BE-001 | H22: Swagger/OpenAPI backend routing contracts layout | I22: Create API documentation pages using Swagger UI or OpenAPI specs. Write descriptive request bodies, response models, validation error formats, and required auth tokens scopes descriptions. Expose doc pages at /api-docs endpoint. | J22: Node.js, Express, Swagger, OpenAPI | K22: swagger ui integration, openapi schema files, api endpoints docs, backend router spec | L22: docs/05-API-Architecture/API_Architecture_DB_Aligned_v1.0.md | M22: ==Dashboard!O60 -> Pending | N22: ==Dashboard!Q60 -> Complete document of schema request bodies | O22: 46192

Sheet Frontend Tasks
A1: Frontend Tasks (Module Lead: Adithyan N) - Note: Team members must update the 'Last Updated' field whenever a task status changes.
A2: Task ID | B2: Task Name | C2: Assigned To | D2: Priority | E2: Status | F2: Due Day | G2: Dependency | H2: Deliverable | I2: Implementation Description | J2: Suggested Tech Stack | K2: Suggested Prompt Keywords | L2: Reference Documents | M2: Testing Status | N2: Remarks | O2: Last Updated
A3: ==Dashboard!A61 -> TASK-FE-001 | B3: ==Dashboard!C61 -> React project setup | C3: ==Dashboard!D61 -> Adithyan N | D3: ==Dashboard!E61 -> High | E3: ==Dashboard!F61 -> Not Started | F3: ==Dashboard!H61 -> Day 1 | G3: ==Dashboard!I61 -> None | H3: Vite React scaffold template created | I3: Scaffold React frontend workspace template using Vite build tool. Establish dependency packages list containing Axios, React Router, TailwindCSS, and ESLint configs. Validate dev server initializes cleanly and page builds error-free. | J3: Node.js, Vite, React, npm | K3: vite react setup, frontend workspace config, client dependency install, build setup | L3: docs/06-UI-Architecture/Frontend_Architecture_Final_Merged_Updated.pdf | M3: ==Dashboard!O61 -> Pending | N3: ==Dashboard!Q61 -> Project workspace initialized | O3: 46192
A4: ==Dashboard!A62 -> TASK-FE-002 | B4: ==Dashboard!C62 -> Tailwind setup | C4: ==Dashboard!D62 -> Adithyan N | D4: ==Dashboard!E62 -> High | E4: ==Dashboard!F62 -> Not Started | F4: ==Dashboard!H62 -> Day 1 | G4: ==Dashboard!I62 -> TASK-FE-001 | H4: Tailwind utility framework config initialized | I4: Install and configure TailwindCSS framework inside client workspace. Configure custom project theme parameters including HSL color palette mappings, fonts, and responsive grid values in tailwind.config.js. Test styling inputs. | J4: TailwindCSS, PostCSS, Autoprefixer | K4: tailwindcss client setup, custom color layouts, theme palette map, stylesheet utility | L4: docs/06-UI-Architecture/Frontend_Architecture_Final_Merged_Updated.pdf | M4: ==Dashboard!O62 -> Pending | N4: ==Dashboard!Q62 -> Custom theme color palettes mapped | O4: 46192
A5: ==Dashboard!A63 -> TASK-FE-003 | B5: ==Dashboard!C63 -> Folder structure | C5: ==Dashboard!D63 -> Adithyan N | D5: ==Dashboard!E63 -> Medium | E5: ==Dashboard!F63 -> Not Started | F5: ==Dashboard!H63 -> Day 1 | G5: ==Dashboard!I63 -> TASK-FE-001 | H5: Standard client pages/components directory structured | I5: Organize folder structure layout for frontend modules. Set up pages, components, assets, contexts, hooks, services, and utils subfolders inside src folder. Deploy file organization criteria guidelines file for developer teams. | J5: Vite, React Workspace | K5: folder architecture layout, files layout organization, clean code pattern, modular structure | L5: docs/06-UI-Architecture/Frontend_Architecture_Final_Merged_Updated.pdf | M5: ==Dashboard!O63 -> Pending | N5: ==Dashboard!Q63 -> Standard clean coding layout | O5: 46192
A6: ==Dashboard!A64 -> TASK-FE-004 | B6: ==Dashboard!C64 -> Global layout | C6: ==Dashboard!D64 -> Adithyan N | D6: ==Dashboard!E64 -> High | E6: ==Dashboard!F64 -> Not Started | F6: ==Dashboard!H64 -> Day 1 | G6: ==Dashboard!I64 -> TASK-FE-003 | H6: Responsive sidebars and navigation headers layouts | I6: Build global application layout components including responsive sidebars, main navigation headers, and content containers. Ensure menus collapse on mobile viewports. Integrate user profile card previews and notifications indicator buttons. | J6: React, TailwindCSS, Heroicons | K6: global sidebar component, header navbar layouts, mobile drawer controls, desktop layout shell | L6: docs/06-UI-Architecture/Frontend_Architecture_Final_Merged_Updated.pdf | M6: ==Dashboard!O64 -> Pending | N6: ==Dashboard!Q64 -> Mobile responsive shell layout | O6: 46192
A7: ==Dashboard!A65 -> TASK-FE-005 | B7: ==Dashboard!C65 -> Routing | C7: ==Dashboard!D65 -> Adithyan N | D7: ==Dashboard!E65 -> High | E7: ==Dashboard!F65 -> Not Started | F7: ==Dashboard!H65 -> Day 1 | G7: ==Dashboard!I65 -> TASK-FE-001 | H7: React Router paths configuration mapping | I7: Integrate React Router library setup. Define paths mappings for public citizen homepages, auth views, dashboards, complaints management panels, tracking search views, and settings. Build fallback routes catching unmatched paths. | J7: React, React Router DOM | K7: react router client, path route definitions, route routing manager, browser paths map | L7: docs/06-UI-Architecture/Frontend_Architecture_Final_Merged_Updated.pdf | M7: ==Dashboard!O65 -> Pending | N7: ==Dashboard!Q65 -> URL router structure finalized | O7: 46192
A8: ==Dashboard!A66 -> TASK-FE-006 | B8: ==Dashboard!C66 -> Protected routes | C8: ==Dashboard!D66 -> Adithyan N | D8: ==Dashboard!E66 -> High | E8: ==Dashboard!F66 -> Not Started | F8: ==Dashboard!H66 -> Day 1 | G8: ==Dashboard!I66 -> TASK-FE-005 | H8: Route wrapper gating views based on user login token | I8: Create reusable React route guard components that prevent unauthorized users from accessing protected pages. Verify JWT token validity and user roles before rendering pages. Redirect unauthenticated users to the login page and unauthorized users to an access denied page. Integrate with React Router and centralized authentication context/store. Test by attempting direct URL access to restricted routes. | J8: React, React Router, Context API | K8: client route guard, role check component, guest redirect route, route permission gate | L8: docs/06-UI-Architecture/Frontend_Architecture_Final_Merged_Updated.pdf | M8: ==Dashboard!O66 -> Pending | N8: ==Dashboard!Q66 -> Redirects guest to login page | O8: 46192
A9: ==Dashboard!A67 -> TASK-FE-007 | B9: ==Dashboard!C67 -> Axios client | C9: ==Dashboard!D67 -> Adithyan N | D9: ==Dashboard!E67 -> High | E9: ==Dashboard!F67 -> Not Started | F9: ==Dashboard!H67 -> Day 1 | G9: ==Dashboard!I67 -> None | H9: Custom Axios client class initialized | I9: Develop Axios API client service setup. Configure base URL matching backend gateway, timeout limits, and default request headers definitions. Include error processing logic capturing standard network errors or request cancellations. | J9: Node.js, Axios Client, Express API | K9: axios client config, api routing base, endpoint timeout handler, network connection check | L9: docs/06-UI-Architecture/Frontend_Architecture_Final_Merged_Updated.pdf | M9: ==Dashboard!O67 -> Pending | N9: ==Dashboard!Q67 -> Base configuration templates | O9: 46192
A10: ==Dashboard!A68 -> TASK-FE-008 | B10: ==Dashboard!C68 -> API interceptors | C10: ==Dashboard!D68 -> Adithyan N | D10: ==Dashboard!E68 -> High | E10: ==Dashboard!F68 -> Not Started | F10: ==Dashboard!H68 -> Day 1 | G10: ==Dashboard!I68 -> TASK-FE-007 | H10: JWT token injection request/response interceptors | I10: Implement Axios interceptors injecting JWT validation credentials automatically. Write response interceptors monitoring 401 Unauthorized codes to trigger token refresh sequences or clean up local storage caches and force login views. | J10: Node.js, Axios Interceptors, JWT Token | K10: jwt request interceptor, token refresh hooks, axios token injector, unauthorized handler | L10: docs/06-UI-Architecture/Frontend_Architecture_Final_Merged_Updated.pdf | M10: ==Dashboard!O68 -> Pending | N10: ==Dashboard!Q68 -> Auto attaches auth tokens to headers | O10: 46192
A11: ==Dashboard!A69 -> TASK-FE-009 | B11: ==Dashboard!C69 -> Authentication pages | C11: ==Dashboard!D69 -> Adithyan N | D11: ==Dashboard!E69 -> High | E11: ==Dashboard!F69 -> Not Started | F11: ==Dashboard!H69 -> Day 2 | G11: ==Dashboard!I69 -> TASK-FE-006 | H11: Responsive Login and registration forms UI layouts | I11: Create responsive login and citizen registration form interfaces. Integrate client-side formatting checks for passwords strength, mobile numbers regex structures, and email formats. Validate error feedback alerts display on validation failures. | J11: React, TailwindCSS, Form State | K11: login layout ui, citizen registration form, input validation bounds, input error displays | L11: docs/06-UI-Architecture/Frontend_Architecture_Final_Merged_Updated.pdf | M11: ==Dashboard!O69 -> Pending | N11: ==Dashboard!Q69 -> Client side input validation rules active | O11: 46192
A12: ==Dashboard!A70 -> TASK-FE-010 | B12: ==Dashboard!C70 -> Citizen Dashboard | C12: ==Dashboard!D70 -> Adithyan N | D12: ==Dashboard!E70 -> High | E12: ==Dashboard!F70 -> Not Started | F12: ==Dashboard!H70 -> Day 2 | G12: ==Dashboard!I70 -> TASK-FE-006 | H12: Grievance list overview panel and stats widgets UI | I12: Develop the main Citizen Dashboard panel view. Design summary statistics widgets showcasing total complaints logged, active tickets count, and completed complaints. Include filter selectors filtering complaints list details. | J12: React, TailwindCSS, Lucide Icons | K12: citizen portal interface, dashboard tracking view, tickets status table, citizen statistics widgets | L12: docs/06-UI-Architecture/Frontend_Architecture_Final_Merged_Updated.pdf | M12: ==Dashboard!O70 -> Pending | N12: ==Dashboard!Q70 -> Overview dashboard for citizen portals | O12: 46192
A13: ==Dashboard!A71 -> TASK-FE-011 | B13: ==Dashboard!C71 -> Complaint Management UI | C13: ==Dashboard!D71 -> Adithyan N | D13: ==Dashboard!E71 -> High | E13: ==Dashboard!F71 -> Not Started | F13: ==Dashboard!H71 -> Day 2 | G13: ==Dashboard!I71 -> TASK-FE-010 | H13: Complaint intake form components with file attachment uploaders | I13: Build complaint intake form dashboard view. Support file attachments uploads, geographic coordinates input using maps plugins or geolocation browsers, category select input, and description text fields. Validate constraints checks. | J13: React, TailwindCSS, Geolocation API | K13: complaint submission layout, file attach validation, coordinates browser picker, form submittals | L13: docs/06-UI-Architecture/Frontend_Architecture_Final_Merged_Updated.pdf | M13: ==Dashboard!O71 -> Pending | N13: ==Dashboard!Q71 -> File type constraints validated | O13: 46192
A14: ==Dashboard!A72 -> TASK-FE-012 | B14: ==Dashboard!C72 -> File Tracking UI | C14: ==Dashboard!D72 -> Adithyan N | D14: ==Dashboard!E72 -> Medium | E14: ==Dashboard!F72 -> Not Started | F14: ==Dashboard!H72 -> Day 3 | G14: ==Dashboard!I72 -> TASK-FE-008 | H14: Public timeline tracking status lookup bar | I14: Implement File Tracking UI page. Design search tracking number input fields routing search events. Render visual progress timeline components displaying historic departments processing steps, current locations, and signatures. | J14: React, TailwindCSS, CSS Transition | K14: file tracking timeline, search status lookup, processing steps progress, tracking stepper ui | L14: docs/06-UI-Architecture/Frontend_Architecture_Final_Merged_Updated.pdf | M14: ==Dashboard!O72 -> Pending | N14: ==Dashboard!Q72 -> Visual timeline progress trackers | O14: 46192
... A26: ==Dashboard!A84 -> TASK-FE-024 | B26: ==Dashboard!C84 -> Final UI testing | C26: ==Dashboard!D84 -> Adithyan N | D26: ==Dashboard!E84 -> High | E26: ==Dashboard!F84 -> Not Started | F26: ==Dashboard!H84 -> Day 7 | G26: ==Dashboard!I84 -> TASK-FE-021 | H26: E2E visual verification and usability test runs report | I26: Conduct final user interface tests runs check. Perform compatibility checks on desktop and mobile web layout styles, test user flow actions sequences, verify accessibility elements, and generate frontend testing sign-off logs. | J26: React, DevTools, Usability Audit CLI | K26: user interface testing, mobile viewport simulation, client navigation checks, final design audit | L26: docs/06-UI-Architecture/Frontend_Architecture_Final_Merged_Updated.pdf | M26: ==Dashboard!O84 -> Pending | N26: ==Dashboard!Q84 -> UX verification pass signoff | O26: 46192

Sheet Database Tasks
A1: Database Tasks (Module Lead: Fathima Hana) - Note: Team members must update the 'Last Updated' field whenever a task status changes.
A2: Task ID | B2: Task Name | C2: Assigned To | D2: Priority | E2: Status | F2: Due Day | G2: Dependency | H2: Deliverable | I2: Implementation Description | J2: Suggested Tech Stack | K2: Suggested Prompt Keywords | L2: Reference Documents | M2: Testing Status | N2: Remarks | O2: Last Updated
A3: ==Dashboard!A25 -> TASK-DB-001 | B3: ==Dashboard!C25 -> User schema | C3: ==Dashboard!D25 -> Fathima Hana | D3: ==Dashboard!E25 -> Critical | E3: ==Dashboard!F25 -> Not Started | F3: ==Dashboard!H25 -> Day 1 | G3: ==Dashboard!I25 -> TASK-INF-004 | H3: Mongoose schema for users collection | I3: Create Mongoose schema definitions for users collection inside the backend models folder. Design fields for email, name, password hash, role reference, and active status. Add schema validations, unique index requirements, and automatic timestamps. Seed standard administrative credentials for testing. | J3: Node.js, MongoDB, Mongoose | K3: mongoose user schema, schema validations, user collection model, database index | L3: docs/04-Database-Architecture/SmartCity_DB_Architecture_v4.0_AI_Extension_Updated.md | M3: ==Dashboard!O25 -> Pending | N3: ==Dashboard!Q25 -> Support: Adithyan N. Unique key bounds active | O3: 46192
A4: ==Dashboard!A26 -> TASK-DB-002 | B4: ==Dashboard!C26 -> Role schema | C4: ==Dashboard!D26 -> Fathima Hana | D4: ==Dashboard!E26 -> High | E4: ==Dashboard!F26 -> Not Started | F4: ==Dashboard!H26 -> Day 1 | G4: ==Dashboard!I26 -> TASK-DB-001 | H4: Roles allocation definition mapping schemas | I4: Create Mongoose schema definitions for roles collection. Map role fields like role name (e.g. Citizen, Staff, Admin) and permission arrays references. Seed standard project role entries during database initialization. Implement strict integrity validations to prevent duplicate role registration. | J4: Node.js, MongoDB, Mongoose | K4: mongoose roles schema, role definitions map, database seeding, permissions index | L4: docs/04-Database-Architecture/SmartCity_DB_Architecture_v4.0_AI_Extension_Updated.md | M4: ==Dashboard!O26 -> Pending | N4: ==Dashboard!Q26 -> Support: Adithyan N. Predefined roles seeded | O4: 46192
A5: ==Dashboard!A27 -> TASK-DB-003 | B5: ==Dashboard!C27 -> Permission schema | C5: ==Dashboard!D27 -> Fathima Hana | D5: ==Dashboard!E27 -> High | E5: ==Dashboard!F27 -> Not Started | F5: ==Dashboard!H27 -> Day 1 | G5: ==Dashboard!I27 -> TASK-DB-002 | H5: Permissions collection schemas definition mapping routes | I5: Design and deploy Mongoose schema for the system permissions collection. Define attributes like resource path, CRUD actions flags, and permission descriptors. Map roles relationship arrays to permissions collections. Provide utility scripts to seed baseline route permission indices. | J5: Node.js, MongoDB, Mongoose | K5: mongoose permissions model, route permission check, database seeding scripts, RBAC config | L5: docs/04-Database-Architecture/SmartCity_DB_Architecture_v4.0_AI_Extension_Updated.md | M5: ==Dashboard!O27 -> Pending | N5: ==Dashboard!Q27 -> Support: Adithyan N. RBAC maps | O5: 46192
A6: ==Dashboard!A28 -> TASK-DB-004 | B6: ==Dashboard!C28 -> Department schema | C6: ==Dashboard!D28 -> Fathima Hana | D6: ==Dashboard!E28 -> Medium | E6: ==Dashboard!F28 -> Not Started | F6: ==Dashboard!H28 -> Day 1 | G6: ==Dashboard!I28 -> TASK-DB-001 | H6: Department schemas mapping employees | I6: Create Mongoose schema mapping departments collection in the backend models directory. Add fields for department name, lead assigned reference, code, and active staff indices list. Implement Mongoose model validations and query middleware helper methods. Seed primary departments data. | J6: Node.js, MongoDB, Mongoose | K6: mongoose department schema, department metadata model, indexing strategy, data seed | L6: docs/04-Database-Architecture/SmartCity_DB_Architecture_v4.0_AI_Extension_Updated.md | M6: ==Dashboard!O28 -> Pending | N6: ==Dashboard!Q28 -> Support: Adithyan N. Collection indices | O6: 46192
A7: ==Dashboard!A29 -> TASK-DB-005 | B7: ==Dashboard!C29 -> Complaint schema | C7: ==Dashboard!D29 -> Fathima Hana | D7: ==Dashboard!E29 -> Critical | E7: ==Dashboard!F29 -> Not Started | F7: ==Dashboard!H29 -> Day 2 | G7: ==Dashboard!I29 -> TASK-DB-001 | H7: Complaints database models with status trackers | I7: Develop the complaints Mongoose database model. Define keys for tracking category, description text, citizen creator reference, current status (e.g. Open, In Progress, Resolved), coordinates, and file attachments URI strings. Enforce strict Mongoose input validators for data fields. | J7: Node.js, MongoDB, Mongoose | K7: mongoose complaint schema, geolocation parameters, image path string, input validations | L7: docs/04-Database-Architecture/SmartCity_DB_Architecture_v4.0_AI_Extension_Updated.md | M7: ==Dashboard!O29 -> Pending | N7: ==Dashboard!Q29 -> Support: Adithyan N. Handles attachments path strings | O7: 46192
A8: ==Dashboard!A30 -> TASK-DB-006 | B8: ==Dashboard!C30 -> Complaint assignment schema | C8: ==Dashboard!D30 -> Fathima Hana | D8: ==Dashboard!E30 -> High | E8: ==Dashboard!F30 -> Not Started | F8: ==Dashboard!H30 -> Day 2 | G8: ==Dashboard!I30 -> TASK-DB-005 | H8: Assignments tracking schemas mapping assignees and times | I8: Create Mongoose schema tracking complaints assignments history. Add attributes for complaint ID reference, assigned employee reference, manager dispatcher reference, assign date, and status tags. Add pre-save validations confirming target assignee is a valid staff user. | J8: Node.js, MongoDB, Mongoose | K8: mongoose assignment schema, staff reference checking, ticket lifecycle tracker, validation rule | L8: docs/04-Database-Architecture/SmartCity_DB_Architecture_v4.0_AI_Extension_Updated.md | M8: ==Dashboard!O30 -> Pending | N8: ==Dashboard!Q30 -> Support: Adithyan N. References user and complaint | O8: 46192
A9: ==Dashboard!A31 -> TASK-DB-007 | B9: ==Dashboard!C31 -> File tracking schema | C9: ==Dashboard!D31 -> Fathima Hana | D9: ==Dashboard!E31 -> Medium | E9: ==Dashboard!F31 -> Not Started | F9: ==Dashboard!H31 -> Day 3 | G9: ==Dashboard!I31 -> TASK-DB-005 | H9: File_tracking and progress steps schemas mapping | I9: Design database schema tracking official file transfers and tracking steps. Save metadata containing tracking number, source department ID, target department ID, transfer date, and status timeline array. Implement validation rules checking timeline sequencing. | J9: Node.js, MongoDB, Mongoose | K9: mongoose file tracking schema, workflow timeline array, tracking code index, metadata config | L9: docs/04-Database-Architecture/SmartCity_DB_Architecture_v4.0_AI_Extension_Updated.md | M9: ==Dashboard!O31 -> Pending | N9: ==Dashboard!Q31 -> Support: Adithyan N. Tracks history steps | O9: 46192
A10: ==Dashboard!A32 -> TASK-DB-008 | B10: ==Dashboard!C32 -> Feedback schema | C10: ==Dashboard!D32 -> Fathima Hana | D10: ==Dashboard!E32 -> Medium | E10: ==Dashboard!F32 -> Not Started | F10: ==Dashboard!H32 -> Day 3 | G10: ==Dashboard!I32 -> TASK-DB-005 | H10: Customer feedback rating collection schema setup | I10: Develop Mongoose schema mapping citizen feedback entries. Add columns for complaint ID link, rating metrics (1 to 5 scale), description feedback, and submission date. Include schema validators verifying feedback matches closed complaint IDs and ratings scale range. | J10: Node.js, MongoDB, Mongoose | K10: mongoose feedback schema, rating verification range, ticket integrity check, constraint validation | L10: docs/04-Database-Architecture/SmartCity_DB_Architecture_v4.0_AI_Extension_Updated.md | M10: ==Dashboard!O32 -> Pending | N10: ==Dashboard!Q32 -> Support: Adithyan N. Constraints bounds checks | O10: 46192
A11: ==Dashboard!A33 -> TASK-DB-009 | B11: ==Dashboard!C33 -> Attendance schema | C11: ==Dashboard!D33 -> Fathima Hana | D11: ==Dashboard!E33 -> High | E11: ==Dashboard!F33 -> Not Started | F11: ==Dashboard!H33 -> Day 4 | G11: ==Dashboard!I33 -> TASK-DB-001 | H11: Staff attendance punch records logs schema mapping | I11: Create Mongoose schema matching staff attendance logs. Add attributes for employee ID reference, punch in time, punch out time, GPS coordinates, verification type (e.g. Biometric), and user biometric consent flag. Ensure validators checks checkin date formats. | J11: Node.js, MongoDB, Mongoose | K11: mongoose attendance schema, biometric log keys, geolocation validations, consent tracker | L11: docs/04-Database-Architecture/SmartCity_DB_Architecture_v4.0_AI_Extension_Updated.md | M11: ==Dashboard!O33 -> Pending | N11: ==Dashboard!Q33 -> Support: Adithyan N. Biometric template matches parameters | O11: 46192
A12: ==Dashboard!A34 -> TASK-DB-010 | B12: ==Dashboard!C34 -> Notification schema | C12: ==Dashboard!D34 -> Fathima Hana | D12: ==Dashboard!E34 -> Medium | E12: ==Dashboard!F34 -> Not Started | F12: ==Dashboard!H34 -> Day 5 | G12: ==Dashboard!I34 -> TASK-DB-001 | H12: System alerts database logging schemas | I12: Build database schemas mapping system notification alerts. Capture information including user ID target reference, notification title, body message text, read status boolean, and dispatch channel (e.g. In-App). Add index strategies optimized for fetching unread messages. | J12: Node.js, MongoDB, Mongoose | K12: mongoose notification schema, read status boolean, user notification indices, query limits | L12: docs/04-Database-Architecture/SmartCity_DB_Architecture_v4.0_AI_Extension_Updated.md | M12: ==Dashboard!O34 -> Pending | N12: ==Dashboard!Q34 -> Support: Adithyan N. Unread indicators | O12: 46192
A13: ==Dashboard!A35 -> TASK-DB-011 | B13: ==Dashboard!C35 -> Audit log schema | C13: ==Dashboard!D35 -> Fathima Hana | D13: ==Dashboard!E35 -> High | E13: ==Dashboard!F35 -> Not Started | F13: ==Dashboard!H35 -> Day 5 | G13: ==Dashboard!I35 -> TASK-DB-001 | H13: Append-only transactional events audit logging schema | I13: Create append-only Mongoose schema for transaction events audit logs. Save actions logs containing operator user reference, API endpoint accessed, timestamp, event parameters payload, and client IP addresses. Apply strict pre-save hooks to prevent log updates or deletions. | J13: Node.js, MongoDB, Mongoose | K13: mongoose audit log schema, append only controls, immutable collection hooks, activity log | L13: docs/04-Database-Architecture/SmartCity_DB_Architecture_v4.0_AI_Extension_Updated.md | M13: ==Dashboard!O35 -> Pending | N13: ==Dashboard!Q35 -> Support: Adithyan N. Strict immutability controls | O13: 46192
A14: ==Dashboard!A36 -> TASK-DB-012 | B14: ==Dashboard!C36 -> Chatbot session schema | C14: ==Dashboard!D36 -> Fathima Hana | D14: ==Dashboard!E36 -> Medium | E14: ==Dashboard!F36 -> Not Started | F14: ==Dashboard!H36 -> Day 4 | G14: ==Dashboard!I36 -> TASK-DB-001 | H14: Chat conversation logs databases tracking structures | I14: Design database schema tracking chatbot conversation histories. Structure fields containing citizen session ID, query message, AI response text, tokens consumed counts, and RAG document source paths array. Set up time-to-live index strategies (TTL) for session records. | J14: Node.js, MongoDB, Mongoose | K14: mongoose chat history model, chatbot session logs, token metric keys, TTL database indexes | L14: docs/04-Database-Architecture/SmartCity_DB_Architecture_v4.0_AI_Extension_Updated.md | M14: ==Dashboard!O36 -> Pending | N14: ==Dashboard!Q36 -> Support: Adithyan N. Session TTL setup | O14: 46192
... A18: ==Dashboard!A40 -> TASK-DB-016 | B18: ==Dashboard!C40 -> Query optimization | C18: ==Dashboard!D40 -> Fathima Hana | D18: ==Dashboard!E40 -> Medium | E18: ==Dashboard!F40 -> Not Started | F18: ==Dashboard!H40 -> Day 6 | G18: ==Dashboard!I40 -> TASK-DB-013 | H18: Explain query plans validation analysis records | I18: Optimize database queries through Mongoose models tuning. Conduct explain query plans check on major dashboard routes. Confirm queries avoid collection scanning by using covered index keys. Restructure aggregation pipelines to speed up dashboard calculations. | J18: MongoDB, Mongoose Optimizer CLI | K18: explain collection scan checks, covered query matching, aggregation pipeline tuning, indexes debug | L18: docs/04-Database-Architecture/SmartCity_DB_Architecture_v4.0_AI_Extension_Updated.md | M18: ==Dashboard!O40 -> Pending | N18: ==Dashboard!Q40 -> Support: Adithyan N. Optimizing pipeline matches | O18: 46192

Sheet AI Tasks
A1: AI Tasks (Module Lead: Muhammed Sadik KT) - Note: Team members must update the 'Last Updated' field whenever a task status changes.
A2: Task ID | B2: Task Name | C2: Assigned To | D2: Priority | E2: Status | F2: Due Day | G2: Dependency | H2: Deliverable | I2: Implementation Description | J2: Suggested Tech Stack | K2: Suggested Prompt Keywords | L2: Reference Documents | M2: Testing Status | N2: Remarks | O2: Last Updated
A3: ==Dashboard!A85 -> TASK-AI-001 | B3: ==Dashboard!C85 -> Gemini integration | C3: ==Dashboard!D85 -> Muhammed Sadik KT | D3: ==Dashboard!E85 -> High | E3: ==Dashboard!F85 -> Not Started | F3: ==Dashboard!H85 -> Day 4 | G3: ==Dashboard!I85 -> None | H3: Gemini API client connection script with prompt instructions | I3: Integrate Google Gemini API into the AI service layer. Create a dedicated service responsible for receiving prompts, invoking Gemini, and returning formatted responses. Store API keys securely using environment variables. Implement error handling, rate limiting, and response logging. Test responses using sample municipal queries. | J3: Node.js, Google Gemini SDK, Dotenv | K3: gemini api integration, ai service gateway, developer api keys, request parameters check | L3: docs/07-AI-Architecture/AI_Architecture_Final_Submission_Updated.pdf | M3: ==Dashboard!O85 -> Pending | N3: ==Dashboard!Q85 -> RAG context grounding middleware | O3: 46192
A4: ==Dashboard!A86 -> TASK-AI-002 | B4: ==Dashboard!C86 -> Prompt engineering | C4: ==Dashboard!D86 -> Muhammed Sadik KT | D4: ==Dashboard!E86 -> Medium | E4: ==Dashboard!F86 -> Not Started | F4: ==Dashboard!H86 -> Day 4 | G4: ==Dashboard!I86 -> TASK-AI-001 | H4: System instructions locking AI answers within municipality docs | I4: Write prompt engineering system parameters constraining AI output answers within authorized municipal domains files contents. Construct grounding checks rules preventing hallucinated data entries in chatbot responses. | J4: Google Gemini SDK, Prompt Design | K4: prompt system instructions, gemini grounding prompts, RAG system prompt, prompt templates design | L4: docs/07-AI-Architecture/AI_Architecture_Final_Submission_Updated.pdf | M4: ==Dashboard!O86 -> Pending | N4: ==Dashboard!Q86 -> Strict grounding bounds | O4: 46192
A5: ==Dashboard!A87 -> TASK-AI-003 | B5: ==Dashboard!C87 -> Chatbot API | C5: ==Dashboard!D87 -> Muhammed Sadik KT | D5: ==Dashboard!E87 -> High | E5: ==Dashboard!F87 -> Not Started | F5: ==Dashboard!H87 -> Day 4 | G5: ==Dashboard!I87 -> TASK-AI-001 | H5: Express server routing chat session controller endpoints | I5: Develop chatbot backend router Express endpoints. Implement controllers verifying active user context, loading session records, proxying queries to Gemini model, parsing responses, and saving history records in database. | J5: Node.js, Express, Mongoose | K5: chat api endpoint, express session router, chatbot request handlers, conversation log pipeline | L5: docs/07-AI-Architecture/AI_Architecture_Final_Submission_Updated.pdf | M5: ==Dashboard!O87 -> Pending | N5: ==Dashboard!Q87 -> Logs sessions to chatbot DB logs | O5: 46192
A6: ==Dashboard!A88 -> TASK-AI-004 | B6: ==Dashboard!C88 -> OCR service | C6: ==Dashboard!D88 -> Muhammed Sadik KT | D6: ==Dashboard!E88 -> Medium | E6: ==Dashboard!F88 -> Not Started | F6: ==Dashboard!H88 -> Day 5 | G6: ==Dashboard!I88 -> None | H6: PDF/image character recognition text extractor service | I6: Deploy document processing OCR services parsing attached files. Extract textual data from pdf documents or images formats. Configure secure sandbox processes settings running file parsing tasks safely. | J6: Node.js, Tesseract.js / Cloud Vision API, Sandbox | K6: ocr text scanner, text parser service, pdf parsing wrapper, document text search | L6: docs/07-AI-Architecture/AI_Architecture_Final_Submission_Updated.pdf | M6: ==Dashboard!O88 -> Pending | N6: ==Dashboard!Q88 -> Sandbox process execution setup | O6: 46192
A7: ==Dashboard!A89 -> TASK-AI-005 | B7: ==Dashboard!C89 -> OCR validation | C7: ==Dashboard!D89 -> Muhammed Sadik KT | D7: ==Dashboard!E89 -> Medium | E7: ==Dashboard!F89 -> Not Started | F7: ==Dashboard!H89 -> Day 5 | G7: ==Dashboard!I89 -> TASK-AI-004 | H7: Extracted texts checks validating document details matching | I7: Create text checks validating parser outputs correctness. Verify parsed tax receipts, property licenses or application documents data patterns match registration credentials. Design matching tolerance check algorithms. | J7: Node.js, Regex Data Extraction | K7: document validation algorithm, regex pattern matching, parsed metadata check, content validation | L7: docs/07-AI-Architecture/AI_Architecture_Final_Submission_Updated.pdf | M7: ==Dashboard!O89 -> Pending | N7: ==Dashboard!Q89 -> Verify metadata matching limits | O7: 46192
A8: ==Dashboard!A90 -> TASK-AI-006 | B8: ==Dashboard!C90 -> Face recognition core | C8: ==Dashboard!D90 -> Muhammed Sadik KT | D8: ==Dashboard!E90 -> Critical | E8: ==Dashboard!F90 -> Not Started | F8: ==Dashboard!H90 -> Day 4 | G8: ==Dashboard!I90 -> None | H8: Python comparison scripts checking face points similarity | I8: Develop python face comparisons script calculating landmark indices. Load image inputs arrays, extract coordinate landmark parameters, compare distances ratios, and output matching scores metrics. Optimize calculations speeds. | J8: Python, Face Recognition, NumPy | K8: face landmarks extraction, distance matrix score, python image processing, biometric model matching | L8: docs/07-AI-Architecture/AI_Architecture_Final_Submission_Updated.pdf | M8: ==Dashboard!O90 -> Pending | N8: ==Dashboard!Q90 -> Volatile memory calculations | O8: 46192
A9: ==Dashboard!A91 -> TASK-AI-007 | B9: ==Dashboard!C91 -> Attendance recognition service | C9: ==Dashboard!D91 -> Muhammed Sadik KT | D9: ==Dashboard!E91 -> High | E9: ==Dashboard!F91 -> Not Started | F9: ==Dashboard!H91 -> Day 4 | G9: ==Dashboard!I91 -> TASK-AI-006 | H9: Biometrics validation punch connector API | I9: Build biometrics validation connection service joining Python script outputs with attendance APIs endpoints. Validate matching scores against strict FAR/FRR threshold targets to determine staff verification status. | J9: Node.js, Python Shell, Express Gateway | K9: attendance punch service, python backend shell, biometric threshold config, checkin connector | L9: docs/07-AI-Architecture/AI_Architecture_Final_Submission_Updated.pdf | M9: ==Dashboard!O91 -> Pending | N9: ==Dashboard!Q91 -> Liveness score validation criteria check | O9: 46192
A10: ==Dashboard!A92 -> TASK-AI-008 | B10: ==Dashboard!C92 -> AI testing | C10: ==Dashboard!D92 -> Muhammed Sadik KT | D10: ==Dashboard!E92 -> Medium | E10: ==Dashboard!F92 -> Not Started | F10: ==Dashboard!H92 -> Day 5 | G10: ==Dashboard!I92 -> TASK-AI-007 | H10: Biometrics matching FAR/FRR testing checklist documentation | I10: Conduct accuracy check runs for face verification engines. Document False Acceptance Rate (FAR) and False Rejection Rate (FRR) levels details under varying webcam light conditions. Generate accuracy analysis checklists. | J10: Python, Quality Audit Scripts | K10: far frr analysis, camera light test, biometric accuracy audit, validation summary log | L10: docs/07-AI-Architecture/AI_Architecture_Final_Submission_Updated.pdf | M10: ==Dashboard!O92 -> Pending | N10: ==Dashboard!Q92 -> Checks accuracy scales | O10: 46192
A11: ==Dashboard!A93 -> TASK-AI-009 | B11: ==Dashboard!C93 -> Response optimization | C11: ==Dashboard!D93 -> Muhammed Sadik KT | D11: ==Dashboard!E93 -> Medium | E11: ==Dashboard!F93 -> Not Started | F11: ==Dashboard!H93 -> Day 5 | G11: ==Dashboard!I93 -> TASK-AI-002 | H11: Fine-tuned prompt parameters shortening delay intervals | I11: Optimize Gemini model prompt settings reducing latency responses intervals. Refine context sizes, reduce document chunks payload lengths, and configure prompt caching options to speed up chatbot loading times. | J11: Google Gemini API, RAG Pipeline Tuning | K11: chatbot response speed, context token caching, prompt length optimization, response latency reduction | L11: docs/07-AI-Architecture/AI_Architecture_Final_Submission_Updated.pdf | M11: ==Dashboard!O93 -> Pending | N11: ==Dashboard!Q93 -> RAG search optimizations | O11: 46192

Sheet Face Recognition Tasks
A1: Face Recognition Tasks (Module Lead: Fadi Ahmed) - Note: Team members must update the 'Last Updated' field whenever a task status changes.
A2: Task ID | B2: Task Name | C2: Assigned To | D2: Priority | E2: Status | F2: Due Day | G2: Dependency | H2: Deliverable | I2: Implementation Description | J2: Suggested Tech Stack | K2: Suggested Prompt Keywords | L2: Reference Documents | M2: Testing Status | N2: Remarks | O2: Last Updated
A3: ==Dashboard!A94 -> TASK-FR-001 | B3: ==Dashboard!C94 -> Dataset Collection | C3: ==Dashboard!D94 -> Fadi Ahmed | D3: ==Dashboard!E94 -> Medium | E3: ==Dashboard!F94 -> Not Started | F3: ==Dashboard!H94 -> Day 4 | G3: ==Dashboard!I94 -> None | H3: Standardized baseline test faces calibration datasets | I3: Assemble calibration test datasets containing face snapshots. Restructure datasets files tracking varying head tilts, diverse lighting parameters, and camera resolution configurations. Ensure no images are added to source control. | J3: Python, File System CLI, Git | K3: calibrate dataset configuration, test image assets, face snapshots array, git exclude rules | L3: docs/07-AI-Architecture/AI_Architecture_Final_Submission_Updated.pdf | M3: ==Dashboard!O94 -> Pending | N3: ==Dashboard!Q94 -> No images checked in repository | O3: 46192
A4: ==Dashboard!A95 -> TASK-FR-002 | B4: ==Dashboard!C95 -> Prototype Refinement | C4: ==Dashboard!D95 -> Fadi Ahmed | D4: ==Dashboard!E95 -> High | E4: ==Dashboard!F95 -> Not Started | F4: ==Dashboard!H95 -> Day 4 | G4: ==Dashboard!I95 -> TASK-AI-006 | H4: Optimized points extraction models | I4: Refine face recognition core script checking landmarks distance calculations logic. Test script calculations against calibration dataset assets, calibrate thresholds margins, and include basic anti-spoofing tests. | J4: Python, OpenCV, NumPy | K4: refine biometric prototype, face verification thresholds, anti spoof validation, distance calculations | L4: docs/07-AI-Architecture/AI_Architecture_Final_Submission_Updated.pdf | M4: ==Dashboard!O95 -> Pending | N4: ==Dashboard!Q95 -> Anti-spoofing tests calibration | O4: 46192
A5: ==Dashboard!A96 -> TASK-FR-003 | B5: ==Dashboard!C96 -> Camera Integration Testing | C5: ==Dashboard!D96 -> Fadi Ahmed | D5: ==Dashboard!E96 -> Medium | E5: ==Dashboard!F96 -> Not Started | F5: ==Dashboard!H96 -> Day 4 | G5: ==Dashboard!I96 -> None | H5: HTML5 webcam access scripts checks report | I5: Test browser camera integration across Chrome, Edge, and Firefox. Verify permission requests, webcam initialization, image capture quality, and error handling. Ensure fallback behavior works when camera access is denied. Document issues and report compatibility problems. | J5: HTML5 Camera API, JS Browser Test | K5: webcam browser permissions, camera initialize check, browser support limits, stream errors log | L5: docs/07-AI-Architecture/AI_Architecture_Final_Submission_Updated.pdf | M5: ==Dashboard!O96 -> Pending | N5: ==Dashboard!Q96 -> Confirm permissions logic | O5: 46192
A6: ==Dashboard!A97 -> TASK-FR-004 | B6: ==Dashboard!C97 -> Attendance Workflow Testing | C6: ==Dashboard!D97 -> Fadi Ahmed | D6: ==Dashboard!E97 -> High | E6: ==Dashboard!F97 -> Not Started | F6: ==Dashboard!H97 -> Day 5 | G6: ==Dashboard!I97 -> TASK-FR-003 | H6: Verify biometric punch registration triggers checkin updates | I6: Verify the biometrics attendance workflow logic connection. Confirm webcam snapshot events trigger coordinates fetching sequences, pass payload details to Python shell scripts, and record success checkins in database. | J6: Node.js, Express, Python Integration | K6: biometric checkin verify, camera punch test, workflow integration check, attendance logger | L6: docs/07-AI-Architecture/AI_Architecture_Final_Submission_Updated.pdf | M6: ==Dashboard!O97 -> Pending | N6: ==Dashboard!Q97 -> Strict consent checker gating attendance validation | O6: 46192
A7: ==Dashboard!A98 -> TASK-FR-005 | B7: ==Dashboard!C98 -> Recognition Accuracy Testing | C7: ==Dashboard!D98 -> Fadi Ahmed | D7: ==Dashboard!E98 -> High | E7: ==Dashboard!F98 -> Not Started | F7: ==Dashboard!H98 -> Day 5 | G7: ==Dashboard!I98 -> TASK-FR-002 | H7: FAR and FRR metrics check data log summary | I7: Test biometric validation engine resistance against spoof attacks. Verify verification logs reject printed face photos, mock video feeds, and digital face captures. Document FAR metrics under attack conditions. | J7: Python, Biometric Audit Tools | K7: spoofing attack tests, print photo reject, biometric vulnerability check, validation thresholds log | L7: docs/07-AI-Architecture/AI_Architecture_Final_Submission_Updated.pdf | M7: ==Dashboard!O98 -> Pending | N7: ==Dashboard!Q98 -> Audits against spoof attacks | O7: 46192
A8: ==Dashboard!A99 -> TASK-FR-006 | B8: ==Dashboard!C99 -> Cross-Browser Camera Testing | C8: ==Dashboard!D99 -> Fadi Ahmed | D8: ==Dashboard!E99 -> Medium | E8: ==Dashboard!F99 -> Not Started | F8: ==Dashboard!H99 -> Day 6 | G8: ==Dashboard!I99 -> TASK-FR-003 | H8: Camera compatibility verification checks results log | I8: Validate webcam permissions and feed loading functions across Safari, Chrome, Firefox, and Edge. Audit camera initialization exceptions, verify fallbacks setups, and save cross-browser checks logs. | J8: Browser DevTools, JavaScript API | K8: cross browser camera, webcam compatibility table, browser camera exception, permission test log | L8: docs/07-AI-Architecture/AI_Architecture_Final_Submission_Updated.pdf | M8: ==Dashboard!O99 -> Pending | N8: ==Dashboard!Q99 -> Webcam permissions tests on Safari/Firefox/Chrome | O8: 46192
A9: ==Dashboard!A100 -> TASK-FR-007 | B9: ==Dashboard!C100 -> Scanner UI Review | C9: ==Dashboard!D100 -> Fadi Ahmed | D9: ==Dashboard!E100 -> Medium | E9: ==Dashboard!F100 -> Not Started | F9: ==Dashboard!H100 -> Day 4 | G9: ==Dashboard!I100 -> None | H9: Webcam canvas box layout alignment reviews logs | I9: Review biometric scanner overlay UI box alignment styles. Confirm responsive designs are correctly placed on mobile screen sizes, web feed scaling runs cleanly, and liveness guidelines indicator prompts show clearly. | J9: React, CSS Flexbox, TailwindCSS | K9: biometric overlay layout, camera frame wrapper, mobile webcam responsive, UI layout reviews | L9: docs/06-UI-Architecture/Frontend_Architecture_Final_Merged_Updated.pdf | M9: ==Dashboard!O100 -> Pending | N9: ==Dashboard!Q100 -> UI responsiveness check | O9: 46192
A10: ==Dashboard!A101 -> TASK-FR-008 | B10: ==Dashboard!C101 -> System Integration Testing | C10: ==Dashboard!D101 -> Fadi Ahmed | D10: ==Dashboard!E101 -> High | E10: ==Dashboard!F101 -> Not Started | F10: ==Dashboard!H101 -> Day 6 | G10: ==Dashboard!I101 -> TASK-FR-004 | H10: End to end biometrics validations verification logs | I10: Run end-to-end integration tests on biometrics attendance routes. Verify verification punches trigger updates across admin config panels, update dashboard summaries, and log transaction details in audit collections. | J10: Node.js, Express, E2E Test Suite | K10: biometric end to end, attendance integration audit, transaction updates validation, db updates trace | L10: docs/07-AI-Architecture/AI_Architecture_Final_Submission_Updated.pdf | M10: ==Dashboard!O101 -> Pending | N10: ==Dashboard!Q101 -> Gating RBAC reviews verified | O10: 46192
A11: ==Dashboard!A102 -> TASK-FR-009 | B11: ==Dashboard!C102 -> Camera Permission Testing | C11: ==Dashboard!D102 -> Fadi Ahmed | D11: ==Dashboard!E102 -> Medium | E11: ==Dashboard!F102 -> Not Started | F11: ==Dashboard!H102 -> Day 4 | G11: ==Dashboard!I102 -> TASK-FR-003 | H11: Verification checklists logging permission locks and denials checks | I11: Verify webcam consent check validation behavior. Verify attendance routes block punch-in requests and output error alerts if user has not ticked the consent checklist options box before starting scans. | J11: Node.js, Express, React state | K11: biometric consent validations, webcam consent check, block scanner logic, consent gate test | L11: docs/03-Security-Architecture/Security_Access_Control_Architecture_Document.md | M11: ==Dashboard!O102 -> Pending | N11: ==Dashboard!Q102 -> Checks fallback options | O11: 46192

Sheet Documentation & QA Tasks
A1: Documentation & QA Tasks (Module Lead: Minha Palakkathodi) - Note: Team members must update the 'Last Updated' field whenever a task status changes.
A2: Task ID | B2: Task Name | C2: Assigned To | D2: Priority | E2: Status | F2: Due Day | G2: Dependency | H2: Deliverable | I2: Implementation Description | J2: Suggested Tech Stack | K2: Suggested Prompt Keywords | L2: Reference Documents | M2: Testing Status | N2: Remarks | O2: Last Updated
A3: ==Dashboard!A103 -> TASK-QA-001 | B3: ==Dashboard!C103 -> Requirement traceability | C3: ==Dashboard!D103 -> Minha Palakkathodi | D3: ==Dashboard!E103 -> High | E3: ==Dashboard!F103 -> Not Started | F3: ==Dashboard!H103 -> Day 1 | G3: ==Dashboard!I103 -> None | H3: RTM spreadsheet linking requirements to components code | I3: Develop the Requirement Traceability Matrix (RTM) document. Map SRS features targets to database schemas layouts, api route controllers, and frontend pages. Verify complete specification coverage in active worksheets. | J3: Markdown, Excel Workspace | K3: rtm document structure, srs traceability mapping, specification validation index, quality metrics | L3: docs/01-SRS/SRS_AI_Powered_Municipality_Management_Portal_Updated.docx | M3: ==Dashboard!O103 -> Pending | N3: ==Dashboard!Q103 -> Traceability index setup | O3: 46192
A4: ==Dashboard!A104 -> TASK-QA-002 | B4: ==Dashboard!C104 -> Test case creation | C4: ==Dashboard!D104 -> Minha Palakkathodi | D4: ==Dashboard!E104 -> High | E4: ==Dashboard!F104 -> Not Started | F4: ==Dashboard!H104 -> Day 2 | G4: ==Dashboard!I104 -> TASK-QA-001 | H4: Functional test cases suite covering citizen/staff actions | I4: Write manual testing scripts covering citizen registrations, complaints logging lifecycle, file tracking number search queries, and biometric attendance logs. Detail expected results formats for testers. | J4: Markdown, QA Test Sheets | K4: manual test script, user action validations, expected results table, test case layout | L4: docs/01-SRS/SRS_AI_Powered_Municipality_Management_Portal_Updated.docx | M4: ==Dashboard!O104 -> Pending | N4: ==Dashboard!Q104 -> Manual check sheets ready | O4: 46192
A5: ==Dashboard!A105 -> TASK-QA-003 | B5: ==Dashboard!C105 -> UAT preparation | C5: ==Dashboard!D105 -> Minha Palakkathodi | D5: ==Dashboard!E105 -> High | E5: ==Dashboard!F105 -> Not Started | F5: ==Dashboard!H105 -> Day 5 | G5: ==Dashboard!I105 -> None | H5: User acceptance testing checklist layout schemas | I5: Design User Acceptance Testing (UAT) checklists sheets. Structure validation fields verifying citizen dashboard features, staff portal Kanban controls, admin parameter sliders, and chatbot conversation accuracy. | J5: Excel Workbooks, Markdown | K5: uat checklist templates, user acceptance verification, dashboard validation logs, client signup signoff | L5: docs/01-SRS/SRS_AI_Powered_Municipality_Management_Portal_Updated.docx | M5: ==Dashboard!O105 -> Pending | N5: ==Dashboard!Q105 -> Acceptance checklist templates | O5: 46192
A6: ==Dashboard!A106 -> TASK-QA-004 | B6: ==Dashboard!C106 -> Documentation review | C6: ==Dashboard!D106 -> Minha Palakkathodi | D6: ==Dashboard!E106 -> Medium | E6: ==Dashboard!F106 -> Not Started | F6: ==Dashboard!H106 -> Day 7 | G6: ==Dashboard!I106 -> None | H6: Verification and correction checklists for all docs | I6: Review and compile project documents package. Check structure mappings, audit pending files registries, confirm version logs consistency, and prepare the implementation-readiness compliance reports summaries. | J6: Markdown, Document Tools | K6: project documents compile, architecture review, compliance check report, version audit logs | L6: docs/01-SRS/SRS_AI_Powered_Municipality_Management_Portal_Updated.docx | M6: ==Dashboard!O106 -> Pending | N6: ==Dashboard!Q106 -> Checks repository documents integrity | O6: 46192
A7: ==Dashboard!A107 -> TASK-QA-005 | B7: ==Dashboard!C107 -> Security checklist review | C7: ==Dashboard!D107 -> Minha Palakkathodi | D7: ==Dashboard!E107 -> High | E7: ==Dashboard!F107 -> Not Started | F7: ==Dashboard!H107 -> Day 7 | G7: ==Dashboard!I107 -> None | H7: Security validation gates signed reports | I7: Execute security checklist verification audits. Check configurations ensuring no plaintext variables are committed in source code, review password hashes logic settings, check JWT configurations, and compile signed safety report. | J7: Markdown, Security Review Tools | K7: security check audit, password hashing config, jwt validation gate, signoff compliance tracker | L7: docs/03-Security-Architecture/Security_Access_Control_Architecture_Document.md | M7: ==Dashboard!O107 -> Pending | N7: ==Dashboard!Q107 -> Checks details audits validation | O7: 46192
A8: ==Dashboard!A108 -> TASK-QA-006 | B8: ==Dashboard!C108 -> QA reports | C8: ==Dashboard!D108 -> Minha Palakkathodi | D8: ==Dashboard!E108 -> Medium | E8: ==Dashboard!F108 -> Not Started | F8: ==Dashboard!H108 -> Day 6 | G8: ==Dashboard!I108 -> None | H8: System QA test validation results report | I8: Synthesize QA test results summaries. Detail total test scenarios ran, report overall success rates metrics, document unresolved bug registries, and write the quality assurance results checklist reports. | J8: Markdown, Excel Graphs | K8: qa results dashboard, test pass statistics, open bug tracker, test signoff document | L8: docs/01-SRS/SRS_AI_Powered_Municipality_Management_Portal_Updated.docx | M8: ==Dashboard!O108 -> Pending | N8: ==Dashboard!Q108 -> Test pass metrics logs summary | O8: 46192
A9: ==Dashboard!A109 -> TASK-QA-007 | B9: ==Dashboard!C109 -> Bug verification | C9: ==Dashboard!D109 -> Minha Palakkathodi | D9: ==Dashboard!E109 -> High | E9: ==Dashboard!F109 -> Not Started | F9: ==Dashboard!H109 -> Day 6 | G9: ==Dashboard!I109 -> None | H9: QA verified bug tracker status validation logs | I9: Confirm developer bug corrections details. Test Axios interceptors retry behaviors under expired tokens conditions, verify geo constraints on complaint submissions, check prompt bounds on chatbots, and update bug status tags. | J9: Postman, Axios Debugger, Git | K9: verify bug fix, query parameters debug, token retry loop, verify status update | L9: docs/01-SRS/SRS_AI_Powered_Municipality_Management_Portal_Updated.docx | M9: ==Dashboard!O109 -> Pending | N9: ==Dashboard!Q109 -> Verify fix statuses | O9: 46192
A10: ==Dashboard!A110 -> TASK-QA-008 | B10: ==Dashboard!C110 -> Final documentation | C10: ==Dashboard!D110 -> Minha Palakkathodi | D10: ==Dashboard!E110 -> High | E10: ==Dashboard!F110 -> Not Started | F10: ==Dashboard!H110 -> Day 7 | G10: ==Dashboard!I110 -> None | H10: Consolidated developer documentation package | I10: Format developer deployment documentation guidelines. Detail backend hosting settings, database server coordinates, database users privileges profiles, and create repository navigation maps for developers. | J10: Markdown, Documentation CLI | K10: developer setup instructions, backend deploy guide, database settings doc, folder structures map | L10: docs/01-SRS/SRS_AI_Powered_Municipality_Management_Portal_Updated.docx | M10: ==Dashboard!O110 -> Pending | N10: ==Dashboard!Q110 -> Complete architecture references | O10: 46192
A11: ==Dashboard!A111 -> TASK-QA-009 | B11: ==Dashboard!C111 -> Handover documentation | C11: ==Dashboard!D111 -> Minha Palakkathodi | D11: ==Dashboard!E111 -> High | E11: ==Dashboard!F111 -> Not Started | F11: ==Dashboard!H111 -> Day 7 | G11: ==Dashboard!I111 -> TASK-QA-008 | H11: Municipality handover procedures manuals checklist | I11: Prepare the official municipality handoff procedures manuals. Detail roles credentials, system handover items logs, administration credentials rotation steps, and administrative contact channels guides sheets. | J11: Markdown, Handover Packages | K11: municipality handoff guide, credential keys rotation, administrator logins audit, handover manuals template | L11: docs/09-Handover-Documents/ARCHITECTURE_FREEZE_v1.md | M11: ==Dashboard!O111 -> Pending | N11: ==Dashboard!Q111 -> Log logins and operational keys handover structures | O11: 46192

Sheet Infrastructure Tasks
A1: Infrastructure Tasks (Module Lead: Adithyan N + Muhammad Sanish) - Note: Team members must update the 'Last Updated' field whenever a task status changes.
A2: Task ID | B2: Task Name | C2: Assigned To | D2: Priority | E2: Status | F2: Due Day | G2: Dependency | H2: Deliverable | I2: Implementation Description | J2: Suggested Tech Stack | K2: Suggested Prompt Keywords | L2: Reference Documents | M2: Testing Status | N2: Remarks | O2: Last Updated
A3: ==Dashboard!A16 -> TASK-INF-001 | B3: ==Dashboard!C16 -> Repository verification | C3: ==Dashboard!D16 -> Adithyan N + Muhammad Sanish | D3: ==Dashboard!E16 -> High | E3: ==Dashboard!F16 -> Not Started | F3: ==Dashboard!H16 -> Sprint 0 | G3: ==Dashboard!I16 -> None | H3: Verified local Git repository and node workspace structures | I3: Verify and review the initial local Git repository layout and workspace structure. Check configuration files integrity like package.json, eslint configurations, and node workspaces setup. Ensure folder layout complies with project standards. Document structure errors and align branching structure before coding. | J3: Git, Node.js, Workspace CLI | K3: verify git layout, node workspace config, package.json check, folder integrity | L3: docs/02-System-Architecture/MASTER_ARCHITECTURE_v1.md | M3: ==Dashboard!O16 -> Pending | N3: ==Dashboard!Q16 -> Check configuration files integrity | O3: 46192
A4: ==Dashboard!A17 -> TASK-INF-002 | B4: ==Dashboard!C17 -> Git workflow setup | C4: ==Dashboard!D17 -> Adithyan N | D4: ==Dashboard!E17 -> High | E4: ==Dashboard!F17 -> Not Started | F4: ==Dashboard!H17 -> Sprint 0 | G4: ==Dashboard!I17 -> None | H4: Repository branching model and commit rules defined | I4: Define and establish standard repository branching guidelines and commit formats. Set up develop, main, and feature branch definitions on GitHub. Enforce pull request guidelines, commit tags (e.g. feat:, fix:), and merge criteria. Create a markdown documentation in docs detailing the repository rules. | J4: Git, GitHub, Markdown | K4: git workflow rules, branching strategy, pull request rules, commit guidelines | L4: docs/BRANCH_STRATEGY.md | M4: ==Dashboard!O17 -> Pending | N4: ==Dashboard!Q17 -> Main/develop/feature branching rules | O4: 46192
A5: ==Dashboard!A18 -> TASK-INF-003 | B5: ==Dashboard!C18 -> Branch setup | C5: ==Dashboard!D18 -> Adithyan N | D5: ==Dashboard!E18 -> High | E5: ==Dashboard!F18 -> Not Started | F5: ==Dashboard!H18 -> Sprint 0 | G5: ==Dashboard!I18 -> TASK-INF-002 | H5: Feature branches initialized on GitHub | I5: Initialize feature branches on the remote repository matching the project roadmap tasks list. Validate pull request pipelines and assign roles for code reviews. Set up status checks and branch protection rules for main and develop. Ensure developers can push feature branches without access conflicts. | J5: GitHub, Git CLI | K5: initialize feature branches, branch protection rules, code review assignments | L5: docs/BRANCH_STRATEGY.md | M5: ==Dashboard!O18 -> Pending | N5: ==Dashboard!Q18 -> Initial pull request guidelines set | O5: 46192
A6: ==Dashboard!A19 -> TASK-INF-004 | B6: ==Dashboard!C19 -> MongoDB Atlas setup | C6: ==Dashboard!D19 -> Adithyan N | D6: ==Dashboard!E19 -> Critical | E6: ==Dashboard!F19 -> Not Started | F6: ==Dashboard!H19 -> Sprint 0 | G6: ==Dashboard!I19 -> None | H6: Live MongoDB Atlas sandbox cluster initialized with access controls | I6: Set up a live MongoDB Atlas sandbox cluster with strict security controls. Create database users, manage credentials, and restrict network access with IP whitelist rules. Generate the production connection URI string. Validate database access locally using MongoDB Compass or terminal tools before deploying. | J6: MongoDB Atlas, MongoDB Compass, Network Security | K6: mongodb atlas setup, database clusters config, IP whitelists rules, connection string | L6: docs/04-Database-Architecture/SmartCity_DB_Architecture_v4.0_AI_Extension_Updated.md | M6: ==Dashboard!O19 -> Pending | N6: ==Dashboard!Q19 -> IP whitelist rules configured | O6: 46192
A7: ==Dashboard!A20 -> TASK-INF-005 | B7: ==Dashboard!C20 -> Environment variables | C7: ==Dashboard!D20 -> Muhammad Sanish | D7: ==Dashboard!E20 -> High | E7: ==Dashboard!F20 -> Not Started | F7: ==Dashboard!H20 -> Sprint 0 | G7: ==Dashboard!I20 -> None | H7: .env.example templates configuration sheets | I7: Create standard environment variables configuration templates (.env.example) for backend, frontend, and AI modules. Detail all required keys like DB connection strings, JWT secret keys, and Gemini API keys. Ensure no secret files are pushed to Git by verifying .gitignore excludes .env files. | J7: Node.js, Dotenv, Git Ignore | K7: dotenv configuration, environment template, gitignore rules, api keys templates | L7: docs/02-System-Architecture/MASTER_ARCHITECTURE_v1.md | M7: ==Dashboard!O20 -> Pending | N7: ==Dashboard!Q20 -> No secrets checked in | O7: 46192
A8: ==Dashboard!A21 -> TASK-INF-006 | B8: ==Dashboard!C21 -> ESLint | C8: ==Dashboard!D21 -> Adithyan N | D8: ==Dashboard!E21 -> Medium | E8: ==Dashboard!F21 -> Not Started | F8: ==Dashboard!H21 -> Sprint 0 | G8: ==Dashboard!I21 -> None | H8: ESLint standards rules deployed to repository root | I8: Deploy and configure standard ESLint code styling rules at the repository root. Establish code style limits for formatting, imports, and variables declaration to maintain code quality. Test styling standards compatibility in both backend and frontend workspaces. Create npm run lint check tasks. | J8: Node.js, ESLint, npm | K8: eslint config rules, code quality checks, linter automation scripts, code style configuration | L8: docs/02-System-Architecture/MASTER_ARCHITECTURE_v1.md | M8: ==Dashboard!O21 -> Pending | N8: ==Dashboard!Q21 -> Static code styling checks active | O8: 46192
A9: ==Dashboard!A22 -> TASK-INF-007 | B9: ==Dashboard!C22 -> Prettier | C9: ==Dashboard!D22 -> Adithyan N | D9: ==Dashboard!E22 -> Medium | E9: ==Dashboard!F22 -> Not Started | F9: ==Dashboard!H22 -> Sprint 0 | G9: ==Dashboard!I22 -> None | H9: Prettier formats scripts configured | I9: Integrate Prettier formatter scripts into the workspaces. Create the configuration rules files (.prettierrc) matching eslint specifications. Set up auto format on save configurations for Visual Studio Code or similar text editors. Validate formattings across backend, database, and client files. | J9: Prettier, ESLint, Editor SDK | K9: prettier configuration, code formatter scripts, editor styling setup, auto format guidelines | L9: docs/02-System-Architecture/MASTER_ARCHITECTURE_v1.md | M9: ==Dashboard!O22 -> Pending | N9: ==Dashboard!Q22 -> Auto format on save verified | O9: 46192
A10: ==Dashboard!A23 -> TASK-INF-008 | B10: ==Dashboard!C23 -> Logging infrastructure | C10: ==Dashboard!D23 -> Muhammad Sanish | D10: ==Dashboard!E23 -> Medium | E10: ==Dashboard!F23 -> Not Started | F10: ==Dashboard!H23 -> Day 1 | G10: ==Dashboard!I23 -> TASK-INF-005 | H10: Winston/Morgan logger system with data masking logic | I10: Deploy a centralized logging infrastructure using Winston and Morgan libraries. Design standard logging configurations to output info, warn, and error statements. Implement log transport mechanisms to files and console. Add critical data masking functions to redact sensitive client parameters or PII details. | J10: Node.js, Winston, Morgan, Regex | K10: winston logger config, morgan traffic logging, logger masking, PII redact logic | L10: docs/02-System-Architecture/MASTER_ARCHITECTURE_v1.md | M10: ==Dashboard!O23 -> Pending | N10: ==Dashboard!Q23 -> PII credentials redact scripts applied | O10: 46192
A11: ==Dashboard!A24 -> TASK-INF-009 | B11: ==Dashboard!C24 -> Deployment preparation | C11: ==Dashboard!D24 -> Adithyan N + Muhammad Sanish | D11: ==Dashboard!E24 -> Medium | E11: ==Dashboard!F24 -> Not Started | F11: ==Dashboard!H24 -> Day 7 | G11: ==Dashboard!I24 -> None | H11: Render/Vercel MVP launch readiness report | I11: Prepare the deployment pipelines and configuration documents for the MVP launch. Check hosting prerequisites for Render web services and Vercel client deployment. Generate CORS policy guidelines to prevent cross-origin errors in staging. Verify build dependencies and create the final launch report. | J11: Render, Vercel, CORS Configuration | K11: production deploy checklist, hosting environments config, CORS restrictions rules, launch plan | L11: docs/02-System-Architecture/MASTER_ARCHITECTURE_v1.md | M11: ==Dashboard!O24 -> Pending | N11: ==Dashboard!Q24 -> Production CORS policies configured | O11: 46192

Sheet Integration Tracker
A1: Cross-Module Integration Point Registry
A2: Integration ID | B2: Source Module | C2: Destination Module | D2: Interface Name | E2: Data Flow Description | F2: Status | G2: Assigned To | H2: Verification Notes
A3: INT-001 | B3: Frontend | C3: Backend | D3: Authentication Integration | E3: React login/register pages payload connection to Express auth endpoints | F3: Not Started | G3: Adithyan N | H3: Pending API development
A4: INT-002 | B4: Frontend | C4: Backend | D4: Complaint Submission Portal | E4: React complaint intake form uploads to complaints controllers | F4: Not Started | G4: Adithyan N | H4: Pending backend controller setup
A5: INT-003 | B5: Frontend | C5: Backend | D5: Attendance punch flow | E5: React biometric scanner uploads frames to attendance punches APIs | F5: Not Started | G5: Adithyan N | H5: Pending attendance API setup
A6: INT-004 | B6: Frontend | C6: Backend | D6: Chatbot interface connection | E6: React chatbot window dialog log stream to Gemini RAG proxy route | F6: Not Started | G6: Adithyan N | H6: Pending RAG wrapper setup
A7: INT-005 | B7: Backend | C7: Database | D7: Mongoose database adapters | E7: Express server schemas models connection to MongoDB Atlas database | F7: Not Started | G7: Muhammad Sanish | H7: Pending MongoDB configuration
A8: INT-006 | B8: Backend | C8: AI Services | D8: Gemini RAG connector API | E8: Express chat session controller proxy requests to Gemini model client | F8: Not Started | G8: Muhammad Sanish | H8: Pending Gemini client setup
A9: INT-007 | B9: Backend | C9: AI Services | D9: Biometric liveness service | E9: Express attendance punch endpoint forwards face coordinates to face recognizer | F9: Not Started | G9: Muhammad Sanish | H9: Pending face recognizer core model
A10: INT-008 | B10: Frontend | C10: Backend | D10: File tracking progress lookup | E10: React public search timeline reads from tracking API routes | F10: Not Started | G10: Adithyan N | H10: Pending tracking API setup
A11: INT-009 | B11: Backend | C11: AI Services | D11: OCR character scanner integration | E11: Express upload API sends document PDFs/images to OCR text extractor | F11: Not Started | G11: Muhammad Sanish | H11: Pending OCR service setup
A12: INT-010 | B12: Frontend | C12: Backend | D12: Feedback rating locking system | E12: React satisfaction stars locks complaints ticket record on backend | F12: Not Started | G12: Adithyan N | H12: Pending complaint locking logic

Sheet Bug Tracker
A1: Defect Prevention and QA Bug Tracker
A2: Bug ID | B2: Summary | C2: Module | D2: Steps to Reproduce | E2: Severity | F2: Priority | G2: Status | H2: Assigned To | I2: Found By | J2: Date Found | K2: Date Closed | L2: Target Release | M2: Resolution Notes | N2: Reviewed By | O2: Review Date
A3: BUG-001 | B3: Token expiration causes infinite loop in Axios interceptor | C3: Frontend | D3: 1. Login to client portal. 2. Wait for JWT token to expire. 3. Request fails, interceptor retries indefinitely. | E3: High | F3: High | G3: Open | H3: Adithyan N | I3: Minha Palakkathodi | J3: 19-06-2026 | L3: v1.0.0-MVP | M3: Pending triage.
A4: BUG-002 | B4: Bcrypt hash comparisons fail for special characters in passwords | C4: Backend | D4: 1. Register user with password containing $ or @. 2. Attempt login. 3. Login fails with password mismatch error. | E4: Critical | F4: Critical | G4: Open | H4: Muhammad Sanish | I4: Minha Palakkathodi | J4: 19-06-2026 | L4: v1.0.0-MVP | M4: Investigating Bcrypt salt validation.
A5: BUG-003 | B5: Webcam punch feed freezes on Safari desktop browser | C5: Face Recognition | D5: 1. Open attendance check-in page in Safari. 2. Webcam initializes but video stream freezes after 2 seconds. | E5: Medium | F5: Medium | G5: Open | H5: Fadi Ahmed | I5: Fadi Ahmed | J5: 19-06-2026 | L5: v1.0.0-MVP | M5: Checking canvas drawing context update interval.
A6: BUG-004 | B6: Query failure when fetching complaints with coordinates outside bounds | C6: Database | D6: 1. Submit complaint with latitude/longitude outside municipal borders. 2. Database query fails with geospatial validator error. | E6: High | F6: High | G6: Open | H6: Fathima Hana | I6: Adithyan N | J6: 19-06-2026 | L6: v1.0.0-MVP | M6: Configuring boundary check in Mongoose model validator.
A7: BUG-005 | B7: Gemini prompt injections can bypass municipal knowledge base restriction | C7: AI | D7: 1. Open Chatbot interface. 2. Enter prompt telling the model to ignore previous instructions. 3. Model answers general knowledge queries. | E7: High | F7: Critical | G7: Open | H7: Muhammed Sadik KT | I7: Minha Palakkathodi | J7: 19-06-2026 | L7: v1.0.0-MVP | M7: Refining grounding prompts with strict system bounds.

Sheet Security Checklist
A1: Mandatory MVP Security Validation Gates
A2: Control ID | B2: Security Control Requirement | C2: Verification Method / Evidence | D2: Status | E2: Verified By | F2: Target Day
A3: SEC-001 | B3: No plaintext secrets committed. Config retrieved from env. | C3: Code review of configuration modules & environment logs. | D3: Pending | E3: Adithyan N | F3: Sprint 0
A4: SEC-002 | B4: Bcrypt password hashing configured with workload factor >= 10. | C4: Review backend signup logic and test database hashes. | D4: Pending | E4: Muhammad Sanish | F4: Day 2
A5: SEC-003 | B5: JWT tokens set with short expiration limits (< 15 mins). | C5: Examine JWT payload structures and expiry parameters. | D5: Pending | E5: Muhammad Sanish | F5: Day 2
A6: SEC-004 | B6: Frontend Token Handling (Cookie Storage) | C6: Check local/session storage cookie attributes and CORS bounds | D6: Pending | E6: Adithyan N | F6: Day 2
A7: SEC-005 | B7: Resource ownership filter validated at backend layer. | C7: Testing API modifications under multiple authenticated roles. | D7: Pending | E7: Muhammad Sanish | F7: Day 3
A8: SEC-006 | B8: Upload restrictions gated to PDF/Image formats and < 5MB. | C8: Try uploading arbitrary text/executable files to complain attachments. | D8: Pending | E8: Muhammad Sanish | F8: Day 3
A9: SEC-007 | B9: Public trackers suppress private remarks & internal logs. | C9: Call tracking endpoint publicly and inspect JSON response. | D9: Pending | E9: Muhammad Sanish | F9: Day 3
A10: SEC-008 | B10: Biometric consent checked prior to webcam scan access. | C10: Test attendance check-in workflow without setting consent flag. | D10: Pending | E10: Fathima Hana | F10: Day 4
A11: SEC-009 | B11: Face Data Cleanup (Zero Retention in RAM) | C11: Verify volatile memory execution and check disk file systems. | D11: Pending | E11: Fadi Ahmed + Muhammed Sadik KT | F11: Day 4
A12: SEC-010 | B12: Gemini prompts locked within municipal context chunks. | C12: Attempt prompt injections to query non-municipal system topics. | D12: Pending | E12: Muhammed Sadik KT | F12: Day 5
A13: SEC-011 | B13: Anti-NoSQL injection middleware active on backend. | C13: Send query payloads with operator tags ($gt, $ne, etc.) to APIs. | D13: Pending | E13: Muhammad Sanish | F13: Day 6
A14: SEC-012 | B14: Immutable S3 backup snapshot locks configured. | C14: Review backup lock policy config and attempt deletion command. | D14: Pending | E14: Fathima Hana | F14: Day 7

Sheet Daily Standup
A1: Daily Scrum Standup Tracker (15 mins Review logs)
A2: Date | B2: Team Member | C2: Yesterday (Completed Tasks) | D2: Today (Planned Tasks) | E2: Blockers / Roadblocks | F2: Present (Yes/No)
A3: 19-06-2026 | B3: Minha Palakkathodi | C3: None (Day 0 Initial) | D3: Sprint 0 Setup tasks | E3: None | F3: Yes
A4: 19-06-2026 | B4: Adithyan N | C4: None (Day 0 Initial) | D4: Sprint 0 Setup tasks | E4: None | F4: Yes
A5: 19-06-2026 | B5: Fathima Hana | C5: None (Day 0 Initial) | D5: Sprint 0 Setup tasks | E5: None | F5: Yes
A6: 19-06-2026 | B6: Muhammad Sanish | C6: None (Day 0 Initial) | D6: Sprint 0 Setup tasks | E6: None | F6: Yes
A7: 19-06-2026 | B7: Fadi Ahmed | C7: None (Day 0 Initial) | D7: Sprint 0 Setup tasks | E7: None | F7: Yes
A8: 19-06-2026 | B8: Muhammed Sadik KT | C8: None (Day 0 Initial) | D8: Sprint 0 Setup tasks | E8: None | F8: Yes

Sheet Team Workload
A1: Resource Allocation and Productivity Tracker
A2: Team Member | B2: Assigned Tasks | C2: Completed | D2: Pending | E2: Blocked | F2: Completion %
A3: ==Dashboard!A8 -> Minha Palakkathodi | B3: ==Dashboard!B8 -> 9 | C3: ==Dashboard!C8 -> 0 | D3: ==Dashboard!D8 -> 9 | E3: ==Dashboard!E8 -> 0 | F3: ==Dashboard!F8 -> 0
A4: ==Dashboard!A9 -> Adithyan N | B4: ==Dashboard!B9 -> 30 | C4: ==Dashboard!C9 -> 0 | D4: ==Dashboard!D9 -> 30 | E4: ==Dashboard!E9 -> 0 | F4: ==Dashboard!F9 -> 0
A5: ==Dashboard!A10 -> Fathima Hana | B5: ==Dashboard!B10 -> 16 | C5: ==Dashboard!C10 -> 0 | D5: ==Dashboard!D10 -> 16 | E5: ==Dashboard!E10 -> 0 | F5: ==Dashboard!F10 -> 0
A6: ==Dashboard!A11 -> Muhammad Sanish | B6: ==Dashboard!B11 -> 23 | C6: ==Dashboard!C11 -> 0 | D6: ==Dashboard!D11 -> 23 | E6: ==Dashboard!E11 -> 0 | F6: ==Dashboard!F11 -> 0
A7: ==Dashboard!A12 -> Fadi Ahmed | B7: ==Dashboard!B12 -> 9 | C7: ==Dashboard!C12 -> 0 | D7: ==Dashboard!D12 -> 9 | E7: ==Dashboard!E12 -> 0 | F7: ==Dashboard!F12 -> 0
A8: ==Dashboard!A13 -> Muhammed Sadik KT | B8: ==Dashboard!B13 -> 9 | C8: ==Dashboard!C13 -> 0 | D8: ==Dashboard!D13 -> 9 | E8: ==Dashboard!E13 -> 0 | F8: ==Dashboard!F13 -> 0

Sheet Dependency Tracker
A1: Critical Path Dependency Registry
A2: Dependency ID | B2: Pre-Requisite Task | C2: Dependent Task | D2: Dependency Description | E2: Status | F2: Severity Impact
A3: DEP-001 | B3: TASK-DB-001 (User Schema) | C3: TASK-BE-004 (Authentication APIs) | D3: Auth controllers require user schema models before coding begins | E3: Not Started | F3: Critical
A4: DEP-002 | B4: TASK-BE-004 (Authentication APIs) | C4: TASK-BE-005 (JWT implementation) | D4: JWT logic is built on top of Auth user credentials matching | E4: Not Started | F4: Critical
A5: DEP-003 | B5: TASK-BE-005 (JWT implementation) | C5: TASK-FE-006 (Protected routes) | D5: React protected routes require working backend JWT verification | E5: Not Started | F5: Critical
A6: DEP-004 | B6: TASK-DB-005 (Complaint Schema) | C6: TASK-BE-012 (Complaint APIs) | D6: Complaints controller depends on Mongoose schemas definitions | E6: Not Started | F6: High
A7: DEP-005 | B7: TASK-BE-012 (Complaint APIs) | C7: TASK-FE-011 (Complaint Management UI) | D7: Intake forms submission UI requires active complaint APIs endpoints | E7: Not Started | F7: High
A8: DEP-006 | B8: TASK-AI-006 (Face recognition core) | C8: TASK-BE-015 (Attendance APIs) | D8: Biometrics attendance punches verify client frames via AI script | E8: Not Started | F8: High
A9: DEP-007 | B9: TASK-BE-015 (Attendance APIs) | C9: TASK-FE-015 (Attendance UI) | D9: Attendance scanner punches require active attendance endpoint | E9: Not Started | F9: High
A10: DEP-008 | B10: TASK-AI-003 (Chatbot API) | C10: TASK-FE-016 (Chatbot UI) | D10: Grounded chatbot React overlay queries chat sessions endpoints | E10: Not Started | F10: High

Sheet Deployment Checklist
A1: MVP Production Launch Readiness Gates
A2: Deployment ID | B2: Launch Readiness Task | C2: Verification Method | D2: Status | E2: Verified By
A3: DEPL-001 | B3: MongoDB Atlas Multi-AZ cluster config | C3: Verify production connection URI and access rules | D3: Not Started | E3: Adithyan N
A4: DEPL-002 | B4: Production environment variables loaded | C4: Check config env parameters on hosting targets | D4: Not Started | E4: Muhammad Sanish
A5: DEPL-003 | B5: CORS origins allowlist configured | C5: Ensure only frontend URL is allowed in backend middleware | D5: Not Started | E5: Muhammad Sanish
A6: DEPL-004 | B6: HTTPS redirection configuration | C6: Confirm HTTP automatically redirects to HTTPS on production | D6: Not Started | E6: Adithyan N
A7: DEPL-005 | B7: Render API Hosting server deploy | C7: Deploy backend service to Render backend web service | D7: Not Started | E7: Muhammad Sanish
A8: DEPL-006 | B8: Vercel Frontend client deploy | C8: Deploy React app and configure production routing on Vercel | D8: Not Started | E8: Adithyan N
A9: DEPL-007 | B9: Turnstile CAPTCHA keys integration | C9: Load live keys to frontend and backend env properties | D9: Not Started | E9: Adithyan N
A10: DEPL-008 | B10: KMS backup encryption setup | C10: Verify encryption keys rotation policies on AWS KMS | D10: Not Started | E10: Fathima Hana

Sheet Risks & Blockers
A1: Project Risk Mitigation Register
A2: Risk ID | B2: Risk Description | C2: Severity Impact | D2: Mitigation Plan Action | E2: Risk Owner | F2: Status | G2: Escalation Required? (Yes/No)
A3: RSK-001 | B3: API Development Delay | C3: High | D3: Develop mock API endpoints and response wrappers early in frontend to prevent blockages. | E3: Muhammad Sanish | F3: Open | G3: No
A4: RSK-002 | B4: Cross-Module Integration Failure | C4: High | D4: Enforce interface schema contracts and perform daily standup integration checks. | E4: Adithyan N | F4: Open | G4: No
A5: RSK-003 | B5: Database Schema Finalization Delay | C5: Medium | D5: Provide early database support from Adithyan N to Fathima Hana to accelerate schemas coding. | E5: Fathima Hana | F5: Open | G5: No
A6: RSK-004 | B6: Biometric Face Recognition Accuracy Drop | C6: High | D6: Set up camera calibration parameters dataset and define manual fallback PIN verification. | E6: Fadi Ahmed | F6: Open | G6: No
A7: RSK-005 | B7: Gemini AI Service Downtime | C7: Medium | D7: Implement local failover checks and display user warning alert indicators. | E7: Muhammed Sadik KT | F7: Open | G7: No
A8: RSK-006 | B8: Frontend Component Delivery Delay | C8: Medium | D8: Prioritize basic auth routing layouts and grievance pages before styling visual charts. | E8: Adithyan N | F8: Open | G8: No
A9: RSK-007 | B9: Production Environment Deployment Failure | C9: High | D9: Initialize hosting services environments and deploy simple diagnostic local runs on Day 4. | E9: Adithyan N + Muhammad Sanish | F9: Open | G9: No

Sheet Final Handover Checklist
A1: Official Municipality Handover Packages Delivery Checklist
A2: Handover ID | B2: Handover Package / Deliverable | C2: Owner | D2: Status | E2: Remarks / Details
A3: HND-001 | B3: Developer Guide and API Readme Manual | C3: Minha Palakkathodi | D3: Pending | E3: Official handoff documentation template
A4: HND-002 | B4: GitHub Repository Admin Credentials Transfer | C4: Adithyan N | D4: Pending | E4: Rotating repository administrative keys
A5: HND-003 | B5: MongoDB Atlas Cluster Credentials Transfer | C5: Adithyan N | D5: Pending | E5: Transfer ownership to client account
A6: HND-004 | B6: Render and Vercel Hosting Administration Credentials | C6: Muhammad Sanish | D6: Pending | E6: Provide organization administration logins
A7: HND-005 | B7: Escalation Contacts and SLA Matrix Agreement | C7: Minha Palakkathodi | D7: Pending | E7: Document contacts list and response guidelines
A8: HND-006 | B8: Biometric Data Consent Forms Logs | C8: Minha Palakkathodi | D8: Pending | E8: Review records against privacy requirements

Sheet Daily Review Log
A1: AI-Powered Smart Municipal Project - Daily Scrum Evening Review Log
A2: Date | B2: Meeting Conducted By | C2: Attendees | D2: Completed Tasks | E2: Current Blockers | F2: Security Issues | G2: Integration Issues | H2: Risks Identified | I2: Decisions Taken | J2: Action Items | K2: Owner | L2: Due Date
A3: 19-06-2026 | B3: Adithyan N | C3: Minha, Sanish, Hana, Fadi, Sadik | D3: TASK-INF-001, TASK-INF-002 | E3: None | F3: None | G3: Integration between React app and Express server auth endpoints under verification | H3: API development delay mitigated with mock routes | I3: Decided to lock complaints schema today | J3: Complete protected routing guards setup | K3: Adithyan N | L3: 20-06-2026

Sheet Testing Tracker
A1: AI-Powered Smart Municipal Project - Quality Assurance Testing Tracker
A2: Test ID | B2: Module | C2: Feature | D2: Test Type | E2: Assigned Tester | F2: Status | G2: Bug Found (Yes/No) | H2: Bug ID | I2: Remarks
A3: TST-001 | B3: Backend | C3: Authentication | D3: Integration | E3: Adithyan N | F3: Not Started | G3: No | I3: Verify JWT access token validations
A4: TST-002 | B4: Frontend | C4: Complaint Module | D4: Functional | E4: Adithyan N | F4: Not Started | G4: No | I4: Verify complaint intake form submits successfully
A5: TST-003 | B5: Backend | C5: File Tracking | D5: API | E5: Adithyan N | F5: Not Started | G5: No | I5: Verify public tracking endpoint outputs tracking steps
A6: TST-004 | B6: Frontend | C6: Feedback | D6: UI | E6: Minha Palakkathodi | F6: Not Started | G6: No | I6: Verify feedback form locks complaint upon ratings submission
A7: TST-005 | B7: Face Recognition | C7: Attendance | D7: Functional | E7: Fadi Ahmed | F7: Not Started | G7: No | I7: Verify webcam face punch liveness match
A8: TST-006 | B8: AI | C8: Chatbot | D8: RAG Integration | E8: Adithyan N | F8: Not Started | G8: No | I8: Verify Gemini answers grounded in local context
A9: TST-007 | B9: Face Recognition | C9: Face Recognition | D9: Accuracy | E9: Fadi Ahmed | F9: Not Started | G9: No | I9: Verify FAR/FRR rates calibration tests
A10: TST-008 | B10: AI | C10: OCR | D10: API | E10: Minha Palakkathodi | F10: Not Started | G10: No | I10: Verify file attachments text parsing and metadata extraction
A11: TST-009 | B11: Frontend | C11: Dashboard | D11: Responsive | E11: Adithyan N | F11: Not Started | G11: No | I11: Verify layouts and menus render cleanly on mobile
A12: TST-010 | B12: Backend | C12: Notifications | D12: API | E12: Minha Palakkathodi | F12: Not Started | G12: No | I12: Verify notification dispatch logs on database

Sheet Security Review Tracker
A1: AI-Powered Smart Municipal Project - Security Review & Validation Tracker
A2: Security Item | B2: Owner | C2: Review Status | D2: Reviewed By | E2: Review Date | F2: Risk Level | G2: Remarks
A3: Password Hashing | B3: Adithyan N | C3: Not Started | D3: Adithyan N | F3: Critical | G3: Verify bcrypt salt factor config
A4: JWT Security | B4: Adithyan N | C4: Not Started | D4: Adithyan N | F4: Critical | G4: Check JWT signatures and short TTL bounds
A5: RBAC | B5: Adithyan N | C5: Not Started | D5: Adithyan N | F5: Critical | G5: Check role permissions middleware validations
A6: Rate Limiting | B6: Adithyan N | C6: Not Started | D6: Adithyan N | F6: High | G6: Check express-rate-limit settings
A7: Input Validation | B7: Adithyan N | C7: Not Started | D7: Adithyan N | F7: High | G7: Validate inputs against Mongoose schemas
A8: Audit Logging | B8: Adithyan N | C8: Not Started | D8: Adithyan N | F8: High | G8: Ensure critical updates are logged
A9: Environment Variables | B9: Adithyan N | C9: Not Started | D9: Adithyan N | F9: Critical | G9: Ensure no secrets in source control
A10: File Upload Validation | B10: Adithyan N | C10: Not Started | D10: Adithyan N | F10: High | G10: Restrict uploads to PDF/PNG and <5MB
A11: HTTPS Verification | B11: Adithyan N | C11: Not Started | D11: Adithyan N | F11: Medium | G11: Enforce SSL redirection on production
A12: Sensitive Data Protection | B12: Adithyan N | C12: Not Started | D12: Adithyan N | F12: High | G12: Redact PII from diagnostic logging
A13: Face Data Cleanup | B13: Adithyan N | C13: Not Started | D13: Adithyan N | F13: Critical | G13: Confirm zero frame photo persistence in RAM
A14: OCR Validation | B14: Adithyan N | C14: Not Started | D14: Adithyan N | F14: Medium | G14: Verify file parsing sandbox restrictions
A15: Prompt Injection Protection | B15: Adithyan N | C15: Not Started | D15: Adithyan N | F15: High | G15: Validate chat inputs and ground system prompts

Sheet Team Usage Guide
A1: Smart Municipal Project - Team Usage & Kanban Board Guide
A3: 1. How to update task status:
A4: Go to the 'Dashboard' sheet, scroll down to the Master Task List, find your task, and double-click the 'Status' cell (Column F). Select from the dropdown: Not Started, In Progress, Review, Completed, or Blocked.
A5: 2. How to update progress %:
A6: On the 'Dashboard' sheet, the 'Progress %' (Column G) updates automatically based on the status: 100% for Completed, 80% for Review, 50% for In Progress, and 0% for Not Started.
A7: 3. How to report blockers:
A8: If a task is blocked, change its Status to 'Blocked'. Go to the 'Risks & Blockers' sheet and add a risk description. Mark 'Escalation Required?' as 'Yes' if it needs urgent PMO discussion.
A9: 4. How to report bugs:
A10: Go to the 'Bug Tracker' sheet, add a new row with Bug ID, summary, severity, and select Status as 'Open'. Assign the bug to the developer (e.g. Adithyan N for Frontend).
A11: 5. How to update Last Updated field:
A12: Go to your specific team task sheet (e.g. 'Frontend Tasks') and type the date in dd-mm-yyyy format in the 'Last Updated' column (Column O) whenever you change a task's status.
A13: 6. How to use the Kanban Board:
... A18: Filter the Master Task List on 'Dashboard' by the 'Demo Critical?' column (Column R) = 'Yes'. These core features (Auth, Complaints, Attendance, Chatbot, etc.) must be completed first.

Sheet Google Sheets Migration Report
A1: Google Sheets Migration & Compatibility Report
A3: 1. Migration Summary Metrics
A4: Metric Description | B4: Value / Status | C4: Technical Details
A5: Total Sheets Migrated | B5: 31 | C5: 30 operational sheets + 1 migration report
A6: Source File Format | B6: Excel OpenXML (.xlsx) | C6: Optimized for Google Sheets import engine
A7: Target Workspace Format | B7: Google Sheets Native | C7: Direct import via Google Drive conversion
A8: Formula Compatibility | B8: 100% Compatible | C8: All formulas use standard COUNTIF, COUNTIFS, and COUNTA
A9: Formulas Modified | B9: 0 | C9: None needed; syntax is fully supported by Google Sheets
A10: Validation Status | B10: Pass | C10: All dropdown cells and conditional formatting rules verified
A11: Incompatible Features | B11: None | C11: No VBA, macros, or desktop-only controls present
A13: 2. Preserved Features Ledger
A14: Feature Category | B14: Preservation Status | C14: Technical Verification Method
A15: Worksheets (31 total) | B15: Preserved | C15: Verified sheet count matches exactly
A16: 96 Project Tasks | B16: Preserved | C16: Verified ID mappings and descriptions alignment
A17: Dropdown Data Validation | B17: Preserved | C17: List validations mapped to individual cells
A18: Conditional Formatting | B18: Preserved | C18: Import-compatible rules mapping status/priority colors
A19: Panes & Split Views | B19: Preserved | C19: Row freezing on Dashboard (14 rows) and timelines (2 rows)
A20: Dynamic KPI Formulas | B20: Preserved | C20: Standard COUNTIF, COUNTIFS, and COUNTA reference links
A21: Theme Styling | B21: Preserved | C21: Harmonious Steel Blue headers and zebra borders
A23: 3. Manual Import & Operation Instructions
A24: Step | B24: Action Required | C24: Verification Check
A25: 1. Upload Workbook | B25: Upload "Municipality_Project_Advanced_Kanban_GoogleSheets_Ready.xlsx" to Google Drive. | C25: Check upload progress completes
A26: 2. Convert Format | B26: Right-click the file in Google Drive, select "Open with", and choose "Google Sheets". | C26: Confirm file extension changes from .xlsx to Google Sheets format
A27: 3. Verify Dropdowns | B27: Open "Dashboard" and double-click any cell in column "Status" (Col F) or "Priority" (Col E). | C27: Verify interactive list popup displays correctly
A28: 4. Verify Formatting | B28: Confirm Kanban Board status columns and priority colors are visible and styled. | C28: Check background fills for Blocked, Completed, etc.
A29: 5. Confirm View Freeze | B29: Ensure the first 14 rows of the Dashboard and the first 2 rows of task sheets remain frozen. | C29: Scroll vertically and verify frozen header row behaves correctly
